ID Name,Gear Type,Color,Language
FAD_019-001,buoy,multi,english
FAD_047-001,buoy,multi,english
FAD_049-001,buoy,multi,english
FAD_050-001,buoy,multi,english
FAD_053-001,buoy,multi,english
FAD_151-001,buoy,multi,english
FAD_154-001,buoy,multi,english
FFS_02-003,line,white,nan
FFS_02-004,line,multi,nan
FFS_03-001,float,black,chinese
FFS_04-001,float,black,chinese
FFS_05-001,float,orange,chinese
FFS_06-001,float,black,chinese
FFS_07-001,line,multi,nan
FFS_07-003,line,multi,nan
FFS_07-004,line,black,nan
FFS_07-006,line,pink,nan
FFS_07-007,line,multi,nan
FFS_07-009,line,grey,nan
FFS_07-010,line,multi,nan
FFS_07-011,line,black,nan
FFS_07-012,line,multi,nan
FFS_07-013,line,multi,nan
FFS_07-014,line,yellow,nan
FFS_07-015,line,multi,nan
FFS_07-016,line,black,nan
FFS_07-018,line,red,nan
FFS_07-019,line,green,nan
FFS_07-020,line,black,nan
KUR_01-005,line,white,nan
KUR_01-009,hard plastic,black,nan
KUR_01-010,line,green,nan
KUR_01-011,hard plastic,blue,
KUR_01-013,line,yellow,nan
KUR_01-018,line,green,nan
KUR_01-020,line,white,nan
KUR_01-021,hard plastic,red,nan
KUR_01-025,line,white,nan
KUR_01-026,line,green,nan
KUR_01-027,line,green,nan
KUR_01-028,line,yellow,nan
KUR_01-029,line,green,nan
KUR_01-030,hard plastic,black,nan
KUR_01-031,hard plastic,white,nan
KUR_01-032,hard plastic,black,
KUR_01-033,hard plastic,black,nan
KUR_02-001,metal,multi,nan
KUR_02-002,hard plastic,black,nan
KUR_02-003,hard plastic,black,nan
KUR_02-004,hard plastic,green,nan
KUR_02-006,hard plastic,white,nan
KUR_02-007,hard plastic,black,nan
KUR_02-008,hard plastic,white,nan
KUR_02-009,line,blue,nan
KUR_02-011,line,green,nan
KUR_02-012,line,blue,nan
KUR_02-013,line,black,nan
KUR_02-014,line,blue,nan
KUR_02-015,line,grey,nan
KUR_02-016,line,grey,nan
KUR_02-017,line,green,nan
KUR_02-018,line,green,nan
KUR_02-019,line,white,nan
KUR_02-020,line,yellow,nan
KUR_02-021,line,white,nan
KUR_02-022,line,yellow,nan
KUR_02-023,line,blue,nan
KUR_02-027,line,orange,nan
KUR_02-028,line,yellow,nan
KUR_02-029,line,multi,nan
KUR_02-030,line,green,nan
KUR_02-031,line,grey,nan
KUR_02-032,line,multi,nan
KUR_02-033,line,multi,nan
KUR_02-034,line,green,nan
KUR_02-035,line,yellow,nan
KUR_02-036,line,white,nan
KUR_02-037,line,white,nan
KUR_03-005,line,orange,nan
KUR_03-008,hard plastic,black,nan
KUR_03-009,line,green,nan
KUR_03-010,line,black,nan
KUR_03-013,line,multi,nan
KUR_03-014,line,multi,nan
KUR_03-016,line,multi,nan
KUR_03-017,line,multi,nan
KUR_03-020,line,black,nan
KUR_03-022,line,multi,nan
KUR_03-023,line,blue,nan
KUR_03-025,line,green,nan
KUR_03-026,line,grey,nan
KUR_03-027,line,multi,nan
KUR_03-028,line,black,nan
KUR_03-029,line,multi,nan
KUR_03-030,line,multi,nan
KUR_03-032,hard plastic,black,nan
KUR_03-033,line,grey,nan
KUR_03-035,line,green,nan
KUR_03-036,line,orange,nan
KUR_03-037,line,multi,nan
KUR_03-038,line,multi,nan
KUR_03-039,line,green,nan
KUR_03-040,line,multi,nan
KUR_03-041,line,multi,nan
KUR_03-042,line,multi,nan
KUR_03-043,line,black,nan
KUR_03-046,line,black,nan
KUR_03-047,line,green,nan
KUR_03-048,line,blue,nan
KUR_03-049,metal,grey,nan
KUR_06-008,float,blue,chinese
KUR_06-011,float,blue,chinese
KUR_06-049,float,blue,chinese
KUR_06-005,line,white,nan
KUR_06-010,metal,multi,nan
KUR_06-013,line,white,nan
KUR_06-017,line,multi,nan
KUR_06-018,line,multi,nan
KUR_06-019,line,multi,nan
KUR_06-033,line,multi,chinese
KUR_06-036,line,multi,nan
KUR_06-037,line,black,nan
KUR_06-038,line,multi,nan
KUR_06-039,line,white,nan
KUR_06-040,line,grey,nan
KUR_06-046,line,red,nan
KUR_06-050,line,multi,nan
KUR_06-052,line,multi,nan
KUR_06-057,line,multi,english
KUR_06-058,hard plastic,black,nan
KUR_06-059,line,grey,nan
KUR_06-060,line,pink,nan
KUR_06-062,line,white,nan
KUR_06-068,line,multi,nan
KUR_06-069,line,multi,nan
KUR_06-070,line,multi,nan
KUR_06-071,line,orange,nan
KUR_06-073,line,multi,nan
KUR_06-075,line,multi,nan
KUR_06-077,line,multi,nan
KUR_06-078,line,yellow,nan
KUR_06-079,line,multi,nan
KUR_06-080,line,yellow,nan
KUR_06-083,hard plastic,multi,nan
KUR_07_Buoy-001,buoy,multi,english
LAN_01-005,line,multi,nan
LAN_01-010,line,multi,nan
LAN_01-013,line,multi,nan
LAN_01-015,line,orange,nan
LAN_01-016,line,multi,nan
LAN_01-017,line,multi,nan
LAN_01-019,hard plastic,black,nan
LAN_01-022,line,multi,nan
LAN_01-027,line,green,nan
LAY_01-002,line,multi,nan
LAY_01-004,line,multi,nan
LAY_01-005,line,white,nan
LAY_01-006,line,grey,nan
LAY_01-008,hard plastic,black,nan
LAY_01-009,line,yellow,nan
LAY_01-010,line,black,nan
LAY_01-011,line,multi,nan
LAY_02-004,line,yellow,nan
LAY_02-005,line,blue,nan
LAY_02-006,line,blue,nan
LAY_02-008,line,white,nan
LAY_02-010,line,black,nan
LAY_02-012,line,black,nan
LAY_02-013,line,green,nan
LAY_02-014,line,blue,nan
LAY_02-016,line,yellow,nan
LAY_02-018,line,white,nan
LAY_02-022,hard plastic,green,nan
LAY_02-024,line,blue,nan
LAY_02-026,line,white,nan
LAY_02-027,line,grey,nan
LAY_02-029,line,multi,nan
LAY_02-031,line,white,nan
LAY_02-032,line,grey,nan
LAY_02-036,line,blue,nan
LAY_02-038,line,pink,nan
LAY_02-039,line,multi,nan
LAY_02-040,line,multi,nan
LAY_02-042,line,white,nan
LAY_02-044,metal,multi,nan
LAY_02-045,line,blue,nan
LAY_02-046,line,orange,nan
LAY_02-047,line,blue,nan
LAY_02-049,line,black,nan
LAY_02-052,line,multi,nan
LAY_02-053,line,orange,nan
LAY_02-054,hard plastic,black,nan
LAY_02-056,line,multi,nan
LAY_02-057,hard plastic,black,nan
LAY_02-058,hard plastic,black,nan
LAY_02-059,line,black,nan
LAY_02-062,line,multi,nan
LAY_02-063,line,yellow,nan
LAY_02-064,line,clear,nan
LAY_02-067,line,multi,nan
LAY_02-068,line,grey,nan
LAY_02-070,line,pink,nan
LAY_02-072,line,grey,nan
LAY_02-073,line,white,nan
LAY_02-074,line,white,nan
LAY_02-077,line,green,nan
LAY_02-078,line,yellow,nan
LAY_02-079,line,white,nan
LAY_02-080,hard plastic,black,nan
LAY_03-003,line,multi,nan
LAY_03-004,line,multi,nan
LAY_04-001,line,black,nan
LAY_04-005,line,yellow,nan
LAY_04-006,line,multi,nan
LAY_04-007,line,white,nan
LAY_04-008,line,blue,nan
LAY_04-009,line,yellow,nan
LAY_04-010,line,white,nan
LAY_04-011,line,grey,nan
LAY_04-012,line,multi,nan
LAY_04-013,line,grey,nan
LAY_04-014,line,multi,nan
LAY_04-015,line,multi,nan
LAY_04-018,line,multi,nan
LAY_04-019,line,green,nan
LAY_04-020,line,grey,nan
LAY_04-021,line,white,nan
LAY_04-022,line,white,nan
LAY_04-024,line,green,nan
LAY_04-026,line,yellow,nan
LAY_04-027,line,grey,nan
LAY_04-028,line,multi,nan
LAY_04-029,line,multi,nan
LAY_04-030,line,blue,nan
LAY_04-032,line,blue,nan
LAY_04-033,line,multi,nan
LAY_04-034,line,white,nan
LAY_04-035,line,multi,nan
LAY_04-036,line,black,nan
LAY_04-037,line,yellow,nan
LAY_04-038,hard plastic,grey,nan
LAY_04-039,line,multi,nan
LAY_04-042,line,grey,nan
LAY_04-043,line,green,nan
LAY_04-044,line,blue,nan
LAY_04-046,line,green,nan
LAY_04-047,line,blue,nan
LAY_04-048,line,blue,nan
LAY_04-050,line,grey,nan
LAY_04-051,line,yellow,nan
LAY_04-052,line,white,nan
LAY_04-053,line,multi,nan
LAY_04-054,line,grey,nan
LAY_04-056,line,multi,nan
LAY_04-057,line,white,nan
LAY_04-058,line,grey,nan
LAY_04-059,line,green,nan
LAY_04-060,line,grey,nan
LAY_04-062,line,black,nan
LAY_04-063,line,multi,nan
LAY_04-064,line,white,nan
LAY_04-069,hard plastic,black,nan
LAY_04-070,line,multi,nan
LAY_04-071,line,orange,nan
LAY_04-072,line,grey,nan
LAY_04-073,line,blue,nan
LAY_04-074,line,orange,nan
LAY_04-075,line,green,nan
LAY_04-076,line,blue,nan
LAY_04-077,line,white,nan
LAY_04-078,line,multi,nan
LAY_04-079,line,black,nan
LAY_04-080,hard plastic,white,nan
LAY_05-003,line,multi,nan
LAY_05-008,line,multi,nan
LAY_05-009,line,multi,nan
LIS_01-002,line,green,nan
LIS_01-003,line,green,nan
LIS_01-004,line,grey,nan
LIS_01-005,line,yellow,nan
LIS_01-006,line,yellow,nan
LIS_01-007,line,multi,nan
LIS_01-008,line,multi,nan
LIS_01-009,line,multi,nan
LIS_01-011,line,green,nan
LIS_01-012,line,yellow,nan
LIS_01-013,line,multi,nan
LIS_01-014,line,green,nan
LIS_01-015,line,green,nan
LIS_01-016,line,green,nan
LIS_01-017,line,grey,nan
LIS_01-018,line,multi,nan
LIS_01-022,line,multi,nan
LIS_01-024,line,black,nan
LIS_01-025,line,black,nan
MAU_02-057,hard plastic,black,
MAU_02-001,line,white,nan
MAU_02-008,line,green,nan
MAU_02-010,line,multi,nan
MAU_02-012,line,yellow,nan
MAU_02-017,hard plastic,black,nan
MAU_02-018,line,white,nan
MAU_02-019,line,multi,nan
MAU_02-020,line,multi,nan
MAU_02-024,line,white,nan
MAU_02-025,line,multi,nan
MAU_02-026,line,blue,nan
MAU_02-027,line,orange,nan
MAU_02-030,line,blue,nan
MAU_02-033,line,multi,nan
MAU_02-034,line,orange,nan
MAU_02-035,line,green,nan
MAU_02-037,line,white,nan
MAU_02-038,line,multi,nan
MAU_02-039,line,green,nan
MAU_02-041,line,white,nan
MAU_02-045,line,multi,nan
MAU_02-048,line,yellow,nan
MAU_02-052,line,green,nan
MAU_02-053,line,multi,nan
MAU_02-060,line,white,nan
MAU_02-061,line,multi,nan
MAU_02-063,line,multi,nan
MAU_02-067,line,multi,nan
MAU_02-070,line,orange,nan
MID_01-001,line,multi,nan
MID_01-005,metal,white,nan
MID_01-010,line,red,nan
MID_01-011,metal,green,nan
MID_01-012,line,green,nan
MID_01-013,line,green,nan
MID_01-014,line,green,nan
MID_01-016,line,white,nan
MID_01-018,line,multi,nan
MID_01-022,line,grey,nan
MID_01-023,line,multi,nan
MID_01-024,line,multi,nan
MID_01-025,line,black,nan
MID_01-026,line,pink,nan
MID_01-027,metal,multi,nan
MID_01-028,line,multi,nan
MID_01-030,hard plastic,black,nan
MID_01-032,line,black,nan
MID_01-033,line,multi,nan
MID_01-034,line,multi,nan
MID_01-035,line,multi,nan
MID_01-037,line,green,nan
MID_01-039,line,multi,nan
MID_01-040,line,white,nan
MID_01-041,line,black,nan
MID_02-011,float,blue,chinese
MID_02-012,float,blue,chinese
MID_02-013,float,yellow,chinese
MID_02-014,float,white,chinese
MID_02-015,float,blue,chinese
MID_02-019,float,blue,chinese
MID_02-021,float,blue,
MID_02-001,hard plastic,black,nan
MID_02-005,line,multi,nan
MID_02-006,line,multi,nan
MID_02-007,line,green,nan
MID_02-016,line,multi,nan
MID_02-020,line,multi,nan
MID_02-022,line,orange,nan
MID_02-023,line,white,nan
MID_02-024,line,white,nan
MID_02-026,line,multi,nan
MID_02-027,line,multi,nan
MID_02-028,line,multi,nan
MID_02-029,line,multi,nan
MID_02-030,hard plastic,black,nan
MID_02-031,metal,multi,nan
MID_02-032,line,multi,nan
MID_02-033,line,multi,nan
MID_02-034,line,multi,nan
MID_02-035,line,green,nan
MID_02-036,hard plastic,blue,nan
MID_02-037,line,multi,nan
MID_02-038,line,multi,nan
MID_02-039,line,green,nan
MID_02-041,line,multi,nan
MID_02-042,hard plastic,red,nan
MID_02-043,metal,multi,nan
MID_02-045,line,multi,nan
MID_02-046,line,green,nan
MID_02-047,line,green,nan
MID_02-048,line,grey,nan
MID_03-005,metal,multi,
MID_03-027,float,orange,chinese
MID_03-029,float,orange,japanese
MID_03-002,float,red,vietnamese
MID_03-003,float,red,vietnamese
MID_03-006,float,blue,nan
MID_03-011,float,blue,nan
MID_03-019,float,white,nan
MID_03-044,float,blue,nan
MID_03-060,float,white,nan
MID_03-009,hard plastic,black,nan
MID_03-010,line,white,nan
MID_03-013,line,green,nan
MID_03-015,line,red,nan
MID_03-017,line,multi,nan
MID_03-018,line,yellow,nan
MID_03-020,line,multi,nan
MID_03-021,line,yellow,nan
MID_03-023,line,multi,nan
MID_03-025,line,green,nan
MID_03-026,line,green,nan
MID_03-028,line,multi,nan
MID_03-030,line,white,nan
MID_03-032,line,yellow,nan
MID_03-034,hard plastic,black,nan
MID_03-035,line,yellow,nan
MID_03-037,line,green,nan
MID_03-038,line,green,nan
MID_03-039,line,blue,nan
MID_03-041,line,yellow,nan
MID_03-043,line,multi,nan
MID_03-046,line,black,nan
MID_03-047,line,multi,nan
MID_03-048,line,blue,nan
MID_03-049,line,blue,nan
MID_03-051,line,green,nan
MID_03-052,hard plastic,multi,nan
MID_03-053,line,blue,nan
MID_03-054,line,blue,nan
MID_03-055,line,yellow,nan
MID_03-056,line,multi,nan
MID_03-058,line,multi,nan
MID_03-059,line,white,nan
MID_04_HPmesh-017,hard plastic,black,nan
MID_04_Hybrid-011,line,multi,nan
MID_04_Hybrid-013,line,multi,nan
MID_04_Hybrid-015,line,yellow,nan
MID_04_Hybrid-016,line,green,nan
MID_04_Hybrid-018,line,multi,nan
MID_04_Hybrid-019,line,blue,nan
MID_04_Hybrid-030,line,multi,nan
MID_04_Hybrid-031,line,multi,nan
MID_04_Hybrid-036,line,green,nan
MID_04_Hybrid-037,line,black,nan
MID_04_Hybrid-047,line,multi,nan
MID_04_Hybrid-049,line,multi,nan
MID_04_Hybrid-052,line,white,nan
MID_04_Hybrid-055,line,orange,nan
MID_04_Hybrid-056,line,white,nan
MID_04_Hybrid-057,line,multi,nan
MID_04_Hybrid-062,line,multi,nan
MID_04_Hybrid-064,line,green,nan
MID_04_Hybrid-067,line,black,nan
MID_04_Hybrid-071,line,multi,nan
MID_04_Hybrid-073,line,yellow,nan
MID_04_Hybrid-074,line,multi,nan
MID_04_Hybrid-077,line,multi,nan
MID_04_Hybrid-078,line,multi,nan
MID_04_Hybrid-079,line,multi,nan
MID_04_Line-038,float,blue,chinese
MID_04_Line-051,float,white,nan
MID_04_Line-52,float,grey,nan
MID_04_Line-002,line,multi,nan
MID_04_Line-003,line,multi,nan
MID_04_Line-004,line,multi,nan
MID_04_Line-005,line,multi,nan
MID_04_Line-006,line,multi,nan
MID_04_Line-007,line,multi,nan
MID_04_Line-008,line,multi,nan
MID_04_Line-009,line,multi,nan
MID_04_Line-010,line,multi,nan
MID_04_Line-011,line,multi,nan
MID_04_Line-012,line,multi,nan
MID_04_Line-013,line,multi,nan
MID_04_Line-014,line,multi,nan
MID_04_Line-015,line,multi,nan
MID_04_Line-016,line,green,nan
MID_04_Line-017,line,blue,nan
MID_04_Line-018,line,white,nan
MID_04_Line-019,line,multi,nan
MID_04_Line-021,line,white,nan
MID_04_Line-022,line,grey,nan
MID_04_Line-023,line,multi,nan
MID_04_Line-024,line,multi,nan
MID_04_Line-025,line,grey,nan
MID_04_Line-027,line,green,nan
MID_04_Line-028,line,multi,nan
MID_04_Line-029,line,black,nan
MID_04_Line-030,line,blue,nan
MID_04_Line-031,line,multi,nan
MID_04_Line-032,line,grey,nan
MID_04_Line-033,line,multi,nan
MID_04_Line-034,line,green,nan
MID_04_Line-035,line,multi,nan
MID_04_Line-036,line,multi,nan
MID_04_Line-037,line,multi,nan
MID_04_Line-039,line,multi,nan
MID_04_Line-040,line,multi,nan
MID_04_Line-041,line,black,nan
MID_04_Line-042,line,multi,nan
MID_04_Line-043,line,blue,nan
MID_04_Line-044,line,multi,nan
MID_04_Line-045,line,green,nan
MID_04_Line-047,line,green,nan
MID_04_Line-048,line,grey,nan
MID_04_Line-049,line,green,nan
MID_04_Line-050,line,black,nan
MID_04_Line-054,line,green,nan
MID_04_Line-055,line,green,nan
MID_04_Line-059,line,white,nan
MID_04_Line-063,line,black,nan
MID_04_Line-067,line,multi,nan
MID_04_Line-072,line,multi,nan
MID_04_Line-075,line,multi,nan
MID_04_Line-076,line,multi,nan
MID_04_Line-077,line,green,nan
MID_04_Line-79,line,black,nan
MID_04_Line-080,line,multi,nan
MID_04_Line-081,line,blue,nan
MID_04_Line-082,line,green,nan
MID_04_Line-083,line,grey,nan
MID_04_Line-084,line,multi,nan
MID_04_Line-086,line,multi,nan
MID_04_Line-087,line,green,nan
MID_04_Line-088,line,white,nan
MID_04_Line-089,line,grey,nan
MID_04_Line-090,line,yellow,nan
MID_04_Line-091,line,multi,nan
MID_04_Line-092,line,multi,nan
MID_04_Line-093,line,blue,nan
MID_04_Line-094,line,multi,nan
MID_04_Line-095,line,green,nan
MID_04_Line-096,line,yellow,nan
MID_04_Line-097,line,multi,nan
MID_04_Line-098,line,green,nan
MID_04_Line-099,line,grey,nan
MID_04_Line-100,line,multi,nan
MID_04_metal-001,metal,rust,nan
MID_04_metal-002,metal,rust,nan
MID_04_metal-003,metal,rust,nan
MID_04_metal-004,metal,rust,nan
MID_04_metal-010,metal,silver,nan
MID_04_metal-011,metal,silver,nan
MID_04_metal-012,metal,silver,nan
MID_04_metal-013,metal,silver,nan
MID_04_metal-016,metal,red,nan
MID_04_misc-001,float,black,
MID_04_misc-003,float,black,nan
MID_04_misc-004,float,orange,nan
MID_04_misc-007,hard plastic,black,nan
MID_04_misc-008,hard plastic,grey,nan
MID_04_misc-009,hard plastic,black,nan
MID_04_misc-010,hard plastic,black,nan
MID_04_misc-020,hard plastic,red,nan
MID_04_misc-021,hard plastic,white,nan
MID_04_misc-022,hard plastic,red,nan
MID_04_misc-023,hard plastic,black,nan
MID_04_misc-024,hard plastic,black,nan
MID_04_misc-025,hard plastic,blue,nan
MID_04_misc-026,hard plastic,black,nan
MID_04_misc-028,hard plastic,black,nan
MID_04_misc-029,hard plastic,black,nan
MID_04_misc-030,hard plastic,black,nan
MID_04_misc-031,hard plastic,black,nan
MID_04_misc-034,hard plastic,black,nan
MID_04_misc-035,hard plastic,white,english
MID_04_misc-036,hard plastic,black,nan
MID_04_misc-037,hard plastic,black,nan
MID_04_misc-038,hard plastic,black,english
MID_04_misc-039,hard plastic,black,nan
MID_04_misc-040,hard plastic,black,nan
MID_04_misc-041,hard plastic,black,nan
MID_04_misc-042,hard plastic,black,nan
MID_04_misc-043,hard plastic,black,nan
MID_04_misc-044,hard plastic,green,nan
MID_04_misc-046,hard plastic,white,nan
MID_04_misc-047,hard plastic,white,nan
MID_04_misc-048,hard plastic,blue,nan
MID_04_misc-049,hard plastic,blue,nan
MID_04_misc-050,hard plastic,green,nan
MID_04_misc-051,hard plastic,red,nan
MID_04_misc-053,hard plastic,black,nan
MID_04_misc-054,hard plastic,blue,nan
MID_04_misc-060,hard plastic,grey,englishgreek
MID_04_misc-061,hard plastic,grey,nan
MID_04_misc-062,hard plastic,black,nan
MID_04_misc-063,hard plastic,black,nan
MID_04_misc-064,hard plastic,pink,nan
MID_05-005,float,white,englishchinese
MID_05-014,float,white,nan
MID_05-023,float,orange,nan
MID_05-033,float,white,nan
MID_05-034,float,blue,nan
MID_05-049,float,white,nan
MID_05-052,float,orange,nan
MID_05-059,float,white,nan
MID_05-060,float,green,
MID_05-061,float,black,nan
MID_05-072,float,blue,chinese
MID_05-073,float,white,*notreadableinphotos
MID_05-074,float,white,nan
MID_05-001,line,multi,nan
MID_05-003,line,blue,nan
MID_05-004,line,blue,nan
MID_05-006,line,green,nan
MID_05-007,line,multi,nan
MID_05-008,line,orange,nan
MID_05-009,line,yellow,nan
MID_05-010,line,green,nan
MID_05-012,line,yellow,nan
MID_05-016,line,multi,nan
MID_05-017,line,multi,nan
MID_05-018,hard plastic,black,nan
MID_05-019,line,multi,nan
MID_05-020,line,green,nan
MID_05-025,metal,multi,nan
MID_05-028,line,multi,nan
MID_05-029,line,black,nan
MID_05-030,line,multi,nan
MID_05-032,line,white,nan
MID_05-037,hard plastic,green,english
MID_05-039,line,multi,nan
MID_05-040,line,multi,nan
MID_05-041,line,multi,nan
MID_05-044,line,white,nan
MID_05-048,line,multi,nan
MID_05-053,line,green,nan
MID_05-057,line,multi,nan
MID_05-058,metal,multi,nan
MID_05-066,line,grey,nan
MID_05-067,line,grey,nan
MID_05-068,line,multi,nan
MID_05-071,line,multi,nan
MID_05-075,line,multi,nan
MID_05-076,line,green,nan
MID_06-061,float,orange,mandarin
MID_06-035,float,orange,*notreadableinphotos
MID_06-038,float,blue,nan
MID_06-046,float,blue,english
MID_06-079,float,white,nan
MID_06-003,line,black,nan
MID_06-004,line,orange,nan
MID_06-006,line,green,nan
MID_06-008,line,grey,nan
MID_06-009,line,multi,nan
MID_06-011,line,green,nan
MID_06-012,line,orange,nan
MID_06-013,line,black,nan
MID_06-014,line,green,nan
MID_06-016,line,white,nan
MID_06-017,line,green,nan
MID_06-020,line,green,nan
MID_06-022,metal,rust,nan
MID_06-025,line,green,nan
MID_06-026,line,green,nan
MID_06-027,line,white,nan
MID_06-028,line,white,nan
MID_06-030,line,multi,nan
MID_06-031,line,multi,nan
MID_06-033,line,multi,nan
MID_06-034,line,multi,nan
MID_06-036,line,multi,nan
MID_06-040,line,green,nan
MID_06-042,line,green,nan
MID_06-043,line,multi,nan
MID_06-044,line,black,nan
MID_06-045,line,black,nan
MID_06-047,line,multi,nan
MID_06-048,line,multi,nan
MID_06-049,line,orange,nan
MID_06-050,line,multi,nan
MID_06-051,line,multi,nan
MID_06-053,hard plastic,black,*inneedstobetranslatedfolder
MID_06-054,line,green,nan
MID_06-055,line,multi,nan
MID_06-056,line,multi,nan
MID_06-058,line,green,nan
MID_06-060,line,multi,nan
MID_06-063,line,green,nan
MID_06-064,line,multi,nan
MID_06-066,metal,rust,nan
MID_06-067,line,multi,nan
MID_06-068,line,multi,nan
MID_06-069,line,multi,nan
MID_06-070,line,blue,nan
MID_06-071,line,green,nan
MID_06-072,line,black,nan
MID_06-073,line,multi,nan
MID_06-074,line,blue,nan
MID_06-075,line,multi,nan
MID_06-076,line,black,nan
MID_06-077,line,multi,nan
MID_06-080,line,grey,nan
MID_07-003,float,black,nan
MID_07-010,float,red,nan
MID_07-012,float,white,nan
MID_07-019,float,blue,nan
MID_07-078,float,black,nan
MID_07-001,line,multi,nan
MID_07-007,line,multi,nan
MID_07-015,line,green,nan
MID_07-017,line,green,nan
MID_07-021,line,multi,nan
MID_07-022,line,multi,nan
MID_07-023,line,multi,nan
MID_07-024,line,multi,nan
MID_07-025,line,yellow,nan
MID_07-028,line,multi,nan
MID_07-029,line,multi,nan
MID_07-030,line,multi,nan
MID_07-033,line,multi,nan
MID_07-034,line,multi,nan
MID_07-035,line,multi,nan
MID_07-036,line,green,nan
MID_07-039,line,multi,nan
MID_07-040,line,multi,nan
MID_07-043,line,green,nan
MID_07-044,line,green,nan
MID_07-046,line,multi,nan
MID_07-047,line,multi,nan
MID_07-048,line,multi,nan
MID_07-049,line,blue,nan
MID_07-050,line,green,nan
MID_07-051,line,multi,nan
MID_07-056,line,multi,nan
MID_07-058,line,multi,nan
MID_07-060,line,yellow,nan
MID_07-063,line,multi,nan
MID_07-067,line,multi,nan
MID_07-070,line,multi,nan
MID_07-077,line,multi,nan
MID_07-079,line,green,nan
MID_07-080,line,multi,nan
MID_07-081,hard plastic,green,nan
MID_07-082,hard plastic,black,nan
NPG_01-003,line,multi,nan
NPG_01-005,line,multi,nan
NPG_01-009,line,white,nan
NPG_01-012,line,green,nan
NPG_01-013,line,multi,nan
NPG_01-014,line,pink,nan
NPG_01-015,line,grey,nan
NPG_01-016,line,multi,nan
NPG_01-018,line,blue,nan
NPG_01-022,line,blue,nan
NPG_01-025,line,multi,nan
NPG_01-029,line,green,nan
NPG_01-036,hard plastic,black,nan
NPG_01-037,line,pink,nan
NPG_01-041,line,multi,nan
NPG_01-046,line,multi,nan
NPG_01-054,line,multi,nan
NPG_01-055,line,white,nan
NPG_01-056,line,multi,nan
NPG_01-057,line,multi,nan
NPG_01-058,line,green,nan
NPG_01-060,line,green,nan
NPG_01-064,hard plastic,black,nan
NPG_01-066,line,white,nan
NPG_01-079,line,multi,nan
NPG_01-080,line,green,nan
NPG_01-082,line,grey,nan
NPG_02-10,hard plastic,black,arabiclettersandlatinnumbers
NPG_02-06,line,orange,nan
NPG_02-13,line,yellow,nan
NPG_02-14,line,black,nan
NPG_02-15,line,blue,nan
NPG_02-16,line,orange,nan
NPG_02-17,line,green,nan
NPG_02-18,line,black,nan
NPG_02-19,hard plastic,black,nan
NPG_02-20,line,green,nan
NPG_02-21,line,blue,nan
NPG_02-22,line,white,nan
NPG_02-24,line,black,nan
NPG_02-27,line,white,nan
NPG_02-28,line,white,nan
NPG_03-147,line,yellow,nan
NPG_03-148,line,grey,nan
NPG_03-149,line,black,nan
NPG_03-150,line,black,nan
NPG_03-151,line,grey,nan
NPG_03-152,line,grey,nan
NPG_03-153,line,green,nan
NPG_03-154,line,black,nan
NPG_03-155,line,green,nan
NPG_03-156,line,multi,nan
NPG_03-157,line,black,nan
NPG_03-158,line,grey,nan
NPG_03-159,line,grey,nan
NPG_03-160,line,orange,nan
NPG_03-161,line,grey,nan
NPG_03-162,line,black,nan
NPG_03-163,line,grey,nan
NPG_03-164,line,grey,nan
NPG_03-165,line,grey,nan
NPG_03-166,line,multi,nan
NPG_03-167,line,multi,nan
NPG_03-168,line,grey,nan
NPG_03-169,line,black,nan
NPG_03-170,line,green,nan
NPG_03-172,line,blue,nan
NPG_03-173,line,grey,nan
NPG_03-174,line,black,nan
NPG_03-175,line,black,nan
NPG_03-176,line,grey,nan
NPG_03-177,line,black,nan
NPG_03-178,line,grey,nan
NPG_03-179,line,grey,nan
NPG_03-180,line,grey,nan
NPG_03-181,line,grey,nan
NPG_03-182,line,black,nan
NPG_03-183,line,black,nan
NPG_03-184,line,grey,nan
NPG_03-185,line,black,nan
NPG_03-186,line,black,nan
NPG_03-187,line,black,nan
NPG_03-188,line,black,nan
NPG_03-189,line,black,nan
NPG_03-190,line,orange,nan
NPG_03-191,line,grey,nan
NPG_03-192,line,grey,nan
NPG_03-193,line,black,nan
NPG_03-194,line,white,nan
NPG_03-195,line,white,nan
NPG_03-196,line,blue,nan
NPG_03-197,line,white,nan
NPG_03-198,line,grey,nan
NPG_03-199,line,black,nan
NPG_03-200,line,yellow,nan
NPG_03-201,line,green,nan
NPG_03-202,line,black,nan
NPG_03-203,line,yellow,nan
NPG_03-204,line,yellow,nan
NPG_03-205,line,black,nan
NPG_03-206,line,pink,nan
NPG_03-207,line,multi,nan
NPG_03-208,line,black,nan
NPG_03-209,line,grey,nan
NPG_03-217,hard plastic,grey,nan
NPG_04-004,line,green,nan
NPG_04-005,line,multi,nan
NPG_04-007,float,multi,nan
NPG_04-008,line,white,nan
NPG_05-001,line,multi,nan
NPG_05-004,metal,multi,nan
NPG_05-012,line,yellow,nan
NPG_05-013,line,multi,nan
NPG_05-014,line,multi,nan
NPG_05-016,line,multi,nan
NPG_05-017,line,white,nan
NPG_05-019,line,blue,nan
NPG_05-028,hard plastic,yellow,nan
NPG_05-029,hard plastic,grey,nan
NPG_05-040,line,multi,nan
NPG_05-046,line,multi,nan
NPG_05-048,line,orange,nan
NPG_05-058,line,grey,nan
NPG_05-059,hard plastic,blue,nan
NPG_05-067,line,multi,nan
NPG_05-071,line,yellow,nan
NPG_05-083,line,multi,nan
NPG_05-084,line,multi,nan
NPG_05-086,line,blue,nan
NPG_05-087,line,multi,nan
NPG_05-090,line,multi,nan
NPG_05-091,line,multi,nan
NPG_06-001,line,white,nan
NPG_06-002,line,multi,nan
NPG_06-054,line,multi,nan
NPG_06-055,line,multi,nan
NPG_06-056,line,multi,nan
NPG_06-057,line,multi,nan
NPG_06-058,line,green,nan
NPG_06-059,line,multi,nan
NPG_06-060,line,multi,nan
NPG_06-061,line,multi,nan
NPG_06-062,line,multi,nan
NPG_06-063,line,grey,nan
NPG_06-064,line,yellow,nan
NPG_06-065,line,multi,nan
NPG_06-066,line,multi,nan
NPG_06-067,line,multi,nan
NPG_06-068,line,multi,nan
NPG_06-069,line,green,nan
NPG_06-070,line,multi,nan
NPG_06-071,line,green,nan
NPG_06-072,line,multi,nan
NPG_06-073,line,black,nan
NPG_06-074,line,multi,nan
NPG_06-075,line,green,nan
NPG_06-076,line,multi,nan
NPG_06-077,line,multi,nan
NPG_06-078,line,black,nan
NPG_06-079,line,multi,nan
NPG_06-080,line,multi,nan
NPG_06-081,line,grey,nan
NPG_06-082,line,black,nan
NPG_06-083,line,green,nan
NPG_06-084,line,multi,nan
NPG_06-085,line,orange,nan
NPG_06-086,line,yellow,nan
NPG_06-087,line,grey,nan
NPG_06-088,line,green,nan
NPG_06-089,line,multi,nan
NPG_06-090,line,multi,nan
NPG_06-091,line,black,nan
NPG_06-092,line,multi,nan
NPG_06-093,line,black,nan
NPG_06-094,line,green,nan
NPG_06-095,line,orange,nan
NPG_06-096,line,multi,nan
NPG_06-097,line,green,nan
NPG_06-099,line,multi,nan
NPG_06-100,line,grey,nan
NPG_06-101,line,red,nan
NPG_06-102,line,black,nan
NPG_06-103,line,white,nan
NPG_06-104,line,multi,nan
NPG_06-105,line,multi,nan
NPG_06-106,line,grey,nan
NPG_06-107,line,multi,nan
NPG_06-108,line,grey,nan
NPG_06-109,line,black,nan
NPG_06-110,line,black,nan
NPG_06-111,line,green,nan
NPG_06-112,line,black,nan
NPG_06-113,line,white,nan
NPG_06-114,line,green,nan
NPG_06-115,line,multi,nan
NPG_06-116,line,grey,nan
NPG_06-117,line,multi,nan
NPG_06-118,line,multi,nan
NPG_06-119,line,grey,nan
NPG_06-120,line,green,nan
NPG_06-121,line,multi,nan
NPG_06-122,line,blue,nan
NPG_06-123,line,green,nan
NPG_06-124,line,green,nan
NPG_06-125,line,black,nan
NPG_06-126,line,orange,nan
NPG_06-127,line,multi,nan
NPG_06-128,line,black,nan
NPG_06-129,line,multi,nan
NPG_06-130,line,black,nan
NPG_06-131,line,green,nan
NPG_06-132,line,black,nan
NPG_06-133,line,multi,nan
NPG_06-134,line,multi,nan
NPG_06-135,line,white,nan
NPG_06-136,line,blue,nan
NPG_07-002,line,grey,nan
NPG_07-004,line,green,nan
NPG_07-005,line,red,nan
NPG_08-010,line,green,nan
NPG_08-017,line,white,nan
NPG_08-018,line,multi,nan
NPG_08-019,line,multi,nan
NPG_08-020,line,yellow,nan
NPG_08-023,line,black,nan
NPG_08-024,line,black,nan
NPG_08-025,line,red,nan
NPG_08-030,line,white,nan
NPG_08-032,line,multi,nan
NPG_08-033,line,multi,nan
NPG_08-034,line,clear,nan
NPG_08-037,line,multi,nan
NPG_08-038,line,green,nan
NPG_08-040,hard plastic,blue,nan
NPG_08-041,line,multi,nan
NPG_08-042,line,orange,nan
NPG_08-044,line,multi,nan
NPG_08-045,line,multi,nan
NPG_08-047,line,orange,nan
NPG_08-048,line,green,nan
NPG_08-049,line,orange,nan
NPG_08-050,line,multi,nan
NPG_08-051,line,green,nan
NPG_08-052,line,green,nan
NPG_08-055,line,black,nan
NPG_08-056,line,grey,nan
NPG_08-057,line,orange,nan
NPG_08-058,line,multi,nan
NPG_08-061,line,yellow,nan
NPG_08-062,line,blue,nan
NPG_08-066,line,blue,nan
NPG_09-044,metal,silver,
NPG_09-027,line,white,japanese
NPG_09-005,line,multi,nan
NPG_09-007,line,white,nan
NPG_09-008,line,white,nan
NPG_09-009,line,multi,nan
NPG_09-011,line,multi,nan
NPG_09-012,line,multi,nan
NPG_09-013,line,blue,nan
NPG_09-026,line,blue,nan
NPG_09-029,hard plastic,orange,nan
NPG_09-030,line,orange,nan
NPG_09-032,line,multi,nan
NPG_09-033,line,blue,nan
NPG_09-034,line,yellow,nan
NPG_09-035,line,multi,nan
NPG_09-036,line,multi,nan
NPG_09-037,line,black,nan
NPG_09-038,line,grey,nan
NPG_09-039,line,green,nan
NPG_09-041,line,multi,nan
NPG_09-048,line,blue,nan
NPG_09-053,line,green,nan
NPG_09-054,hard plastic,black,nan
NPG_09-056,line,white,nan
NPG_09-057,line,grey,nan
NPG_09-058,line,multi,nan
NPG_09-059,line,yellow,nan
NPG_09-060,line,multi,nan
NPG_09-062,line,green,nan
NPG_09-064,line,white,nan
NPG_09-065,line,white,nan
NPG_09-067,line,green,nan
NPG_09-068,hard plastic,black,nan
NPG_09-072,line,multi,nan
NPG_09-073,line,grey,nan
NPG_09-074,line,blue,nan
NPG_09-077,line,green,nan
NPG_09-079,line,multi,nan
NPG_09-080,line,multi,nan
NPG_09-081,line,orange,nan
NPG_09-082,line,multi,nan
NPG_11_green_nets-021,line,green,nan
NPG_11_green_nets-055,line,green,nan
NPG_11_misc-001,hard plastic,black,nan
NPG_11_misc-009,hard plastic,black,nan
NPG_11_misc-010,hard plastic,white,nan
NPG_11_misc-011,hard plastic,blue,nan
NPG_11_misc-012,hard plastic,yellow,nan
NPG_11_misc-018,hard plastic,black,nan
NPG_11_misc-019,hard plastic,black,nan
NPG_11_misc-020,hard plastic,black,nan
NPG_11_misc-022,hard plastic,black,nan
NPG_11_misc-024,hard plastic,blue,nan
NPG_11_misc-025,hard plastic,white,nan
NPG_11_misc-026,hard plastic,white,nan
NPG_11_misc-027,metal,silver,nan
NPG_11_misc-028,hard plastic,black,nan
NPG_11_misc-029,hard plastic,yellow,nan
NPG_11_misc-031,hard plastic,black,nan
NPG_11_misc-032,hard plastic,white,nan
NPG_11_misc-033,hard plastic,black,nan
NPG_11_misc-034,metal,multi,nan
NPG_11_misc-036,hard plastic,green,nan
NPG_11_misc-039,hard plastic,black,nan
NPG_11_misc-040,hard plastic,multi,nan
NPG_11_misc-041,hard plastic,black,nan
NPG_11_misc-042,hard plastic,black,nan
NPG_11_misc-043,hard plastic,red,nan
NPG_11_misc-049,hard plastic,green,nan
NPG_11_misc-058,float,orange,chinese
NPG_11_misc-048,float,grey,nan
NPG_11_ropes-001,line,orange,nan
NPG_11_ropes-002,line,multi,nan
NPG_11_ropes-004,line,multi,nan
NPG_11_ropes-005,line,green,nan
NPG_11_ropes-006,line,green,nan
NPG_11_ropes-007,line,multi,nan
NPG_11_ropes-008,line,green,nan
NPG_11_ropes-009,line,green,nan
NPG_11_ropes-010,line,blue,nan
NPG_11_ropes-011,line,white,nan
NPG_11_ropes-014,line,green,nan
NPG_11_ropes-015,line,multi,nan
NPG_11_ropes-016,line,multi,nan
NPG_11_ropes-018,line,white,nan
NPG_11_ropes-019,line,multi,nan
NPG_11_ropes-020,line,multi,nan
NPG_11_ropes-021,line,multi,nan
NPG_11_ropes-022,line,multi,nan
NPG_11_ropes-025,line,multi,nan
NPG_11_ropes-026,line,multi,nan
NPG_11_ropes-028,line,multi,nan
NPG_11_ropes-029,line,grey,nan
NPG_11_ropes-030,line,multi,nan
NPG_11_ropes-031,line,green,nan
NPG_11_ropes-033,line,black,nan
NPG_11_ropes-034,line,multi,nan
NPG_11_ropes-035,line,multi,nan
NPG_11_ropes-036,line,multi,nan
NPG_11_ropes-037,line,multi,nan
NPG_11_ropes-038,line,white,nan
NPG_11_ropes-039,line,green,nan
NPG_11_ropes-040,line,green,nan
NPG_11_ropes-041,line,multi,nan
NPG_11_ropes-045,line,green,nan
NPG_11_ropes-046,line,multi,nan
NPG_11_ropes-047,line,multi,nan
NPG_11_ropes-048,line,multi,nan
NPG_11_ropes-049,line,yellow,nan
NPG_11_ropes-050,line,multi,nan
NPG_11_ropes-051,line,multi,nan
NPG_11_ropes-052,line,multi,nan
NPG_11_ropes-054,line,multi,nan
NPG_11_ropes-055,line,multi,nan
NPG_11_ropes-058,line,multi,nan
NPG_11_ropes-063,line,multi,nan
NPG_11_ropes-064,line,multi,nan
NPG_11_ropes-067,line,multi,nan
NPG_11_ropes-071,line,multi,nan
NPG_11_ropes-076,line,orange,nan
NPG_11_ropes-077,line,multi,nan
NPG_11_ropes-078,line,green,nan
NPG_11_ropes-079,line,white,nan
NPG_11_ropes-081,line,grey,nan
NPG_11_ropes-082,line,multi,nan
NPG_11_ropes-083,line,pink,nan
NPG_11_ropes-084,line,yellow,nan
NPG_11_ropes-085,line,green,nan
NPG_11_ropes-087,line,blue,nan
NPG_11_ropes-088,line,yellow,nan
NPG_11_ropes-089,line,black,nan
NPG_11_ropes-090,line,multi,nan
NPG_11_ropes-091,line,white,nan
NPG_11_ropes-092,line,multi,nan
NPG_11_ropes-093,line,green,nan
NPG_11_ropes-094,line,green,nan
NPG_11_ropes-095,line,multi,nan
NPG_11_ropes-096,line,grey,nan
NPG_11_ropes-097,line,multi,nan
NPG_11_ropes-098,line,green,nan
NPG_11_ropes-099,line,green,nan
NPG_13-002,line,black,nan
NPG_13-003,hard plastic,blue,nan
NPG_13-005,line,yellow,nan
NPG_13-006,line,multi,nan
NPG_13-007,line,multi,nan
NPG_13-008,line,green,nan
NPG_13-009,line,blue,nan
NPG_13-010,line,white,nan
NPG_13-011,line,multi,nan
NPG_13-012,line,green,nan
NPG_13-013,line,green,nan
NPG_13-014,hard plastic,black,nan
NPG_13-016,line,white,nan
NPG_13-017,line,white,nan
NPG_13-019,line,multi,nan
NPG_13-020,line,multi,nan
NPG_13-024,line,green,nan
NPG_13-025,line,white,nan
NPG_13-031,line,blue,nan
NPG_13-032,line,multi,nan
NPG_13-033,line,black,nan
NPG_13-034,line,white,nan
NPG_13-035,line,black,nan
NPG_13-036,line,yellow,nan
NPG_13-038,line,blue,nan
NPG_14-001,line,grey,nan
NPG_15-010,line,multi,nan
NPG_15-014,line,blue,nan
NPG_15-020,line,multi,nan
NPG_15-023,line,orange,nan
NPG_15-032,line,white,nan
NPG_15-033,line,multi,nan
NPG_15-034,line,multi,nan
NPG_15-036,line,multi,nan
NPG_15-054,hard plastic,black,nan
NPG_15-055,hard plastic,black,nan
NPG_15-056,line,white,nan
NPG_15-057,line,white,nan
NPG_15-059,line,pink,nan
NPG_15-060,line,multi,nan
NPG_15-061,line,green,nan
NPG_15-062,line,blue,nan
NPG_15-064,line,orange,nan
NPG_15-065,line,black,nan
NPG_15-067,line,black,nan
NPG_15-069,hard plastic,green,nan
NPG_15-070,hard plastic,blue,nan
NPG_15-075,line,blue,nan
NPG_15-076,line,white,nan
NPG_15-080,hard plastic,blue,nan
NPG_16-026,hard plastic,green,latinstyleletters
NPG_16-007,line,multi,nan
NPG_16-008,line,multi,nan
NPG_16-011,line,black,nan
NPG_16-014,line,blue,nan
NPG_16-015,line,black,nan
NPG_16-017,line,grey,nan
NPG_16-018,line,white,nan
NPG_16-019,hard plastic,green,nan
NPG_16-021,hard plastic,black,nan
NPG_16-022,line,multi,nan
NPG_16-023,line,multi,nan
NPG_16-025,hard plastic,red,nan
NPG_16-030,line,multi,nan
NPG_16-031,line,orange,nan
NPG_16-032,line,black,nan
NPG_16-035,line,green,nan
NPG_16-036,line,green,nan
NPG_16-038,line,multi,nan
NPG_16-040,line,multi,nan
NPG_16-041,line,white,nan
NPG_16-042,line,green,nan
NPG_16-043,line,green,nan
NPG_16-044,line,yellow,nan
NPG_16-045,line,orange,nan
NPG_16-046,line,multi,nan
NPG_16-049,line,orange,nan
NPG_16-050,line,yellow,nan
NPG_16-052,line,multi,nan
NPG_16-055,line,yellow,nan
NPG_16-056,line,green,nan
NPG_16-057,line,green,nan
NPG_16-059,line,multi,nan
NPG_16-062,line,multi,nan
NPG_16-064,hard plastic,blue,nan
NPG_16-065,hard plastic,blue,nan
NPG_16-066,hard plastic,black,nan
NPG_16-068,line,white,nan
NPG_16-070,line,black,nan
NPG_16-071,line,pink,nan
NPG_16-072,line,pink,nan
NPG_16-073,line,red,nan
NPG_16-074,line,multi,nan
NPG_16-078,line,blue,nan
NPG_17-004,line,multi,nan
NPG_17-006,line,blue,nan
NPG_17-009,line,yellow,nan
NPG_17-010,line,multi,nan
NPG_17-011,line,multi,nan
NPG_17-012,hard plastic,black,nan
NPG_17-017,hard plastic,black,nan
NPG_17-018,hard plastic,green,nan
NPG_17-019,line,multi,nan
NPG_17-020,line,white,nan
NPG_17-021,line,blue,nan
NPG_17-022,line,green,nan
NPG_17-023,line,green,nan
NPG_17-024,line,black,nan
NPG_17-026,line,blue,nan
NPG_17-027,line,orange,nan
NPG_17-031,line,white,nan
NPG_17-036,hard plastic,black,nan
NPG_17-037,line,blue,nan
NPG_17-038,line,yellow,nan
NPG_17-040,line,white,nan
NPG_17-041,hard plastic,black,nan
NPG_17-042,line,green,nan
NPG_17-044,line,white,nan
NPG_17-045,line,white,nan
NPG_17-047,line,orange,nan
NPG_17-048,line,black,nan
NPG_17-049,line,grey,nan
NPG_17-050,line,black,nan
NPG_17-051,line,multi,nan
NPG_17-053,line,green,nan
NPG_17-054,line,blue,nan
NPG_17-055,line,white,nan
NPG_17-056,line,green,nan
NPG_17-057,line,multi,nan
NPG_17-058,line,green,nan
NPG_17-060,line,green,nan
NPG_17-061,line,grey,nan
NPG_17-065,line,multi,nan
NPG_17-068,line,multi,nan
NPG_17-069,line,multi,nan
NPG_17-072,line,multi,nan
NPG_17-073,hard plastic,black,nan
NPG_17-075,line,multi,nan
NPG_17-078,line,multi,nan
NPG_17-079,line,multi,nan
NPG_17-080,hard plastic,blue,nan
NPG_18-061,hard plastic,red,arabicnumber
NPG_18-003,hard plastic,black,nan
NPG_18-004,hard plastic,black,nan
NPG_18-005,line,black,nan
NPG_18-010,hard plastic,black,nan
NPG_18-011,hard plastic,black,nan
NPG_18-013,line,multi,nan
NPG_18-014,line,white,nan
NPG_18-030,line,green,nan
NPG_18-043,line,multi,nan
NPG_18-044,hard plastic,green,nan
NPG_18-049,line,multi,nan
NPG_18-051,line,green,nan
NPG_18-053,line,multi,nan
NPG_18-058,line,black,nan
NPG_18-067,line,multi,nan
NPG_18-068,line,multi,nan
NPG_18-069,line,white,nan
NPG_18-070,line,multi,nan
NPG_18-076,line,multi,nan
NPG_18-077,line,orange,nan
NPG_18-080,line,multi,nan
NPG_18-084,line,multi,nan
NPG_18-085,line,multi,nan
NPG_18-087,line,multi,nan
NPG_18-088,line,grey,nan
NPG_18-089,line,multi,nan
NPG_19-003,line,blue,nan
NPG_19-004,line,white,nan
NPG_19-007,line,white,nan
NPG_19-017,line,grey,nan
OAH_01-001,line,multi,nan
OAH_01-002,line,black,nan
OAH_01-006,line,black,nan
OAH_01-7.1,line,white,nan
OAH_01-7.2,line,grey,nan
OAH_01-009,line,yellow,nan
OAH_01-011,line,blue,nan
OAH_01-014,hard plastic,black,nan
OAH_01-15.1,line,yellow,nan
OAH_01-15.2,line,white,nan
OAH_01-15.3,line,blue,nan
OAH_01-18.1,line,green,nan
OAH_01-18.2,line,green,nan
OAH_01-020,line,red,nan
OAH_01-022,line,white,nan
OAH_01-023,line,black,nan
OAH_01-25.1,line,grey,nan
OAH_01-25.2,line,blue,nan
OAH_01-26.3,line,grey,nan
OAH_02-3,hard plastic,black,nan
OAH_02-5.2,line,grey,nan
OAH_02-7,line,green,nan
OAH_02-9.1,line,white,nan
OAH_02-9.2,line,black,nan
OAH_02-11.1,line,blue,nan
OAH_02-11.2,line,yellow,nan
OAH_02-12,hard plastic,black,nan
OAH_02-13,hard plastic,white,nan
OAH_02-14,hard plastic,black,nan
OAH_02-15,hard plastic,red,nan
OAH_02-16.1,hard plastic,black,nan
OAH_02-16.2,line,white,nan
OAH_02-17,hard plastic,black,nan
OAH_02-18,line,blue,nan
OAH_02-19,hard plastic,black,nan
OAH_02-22.1,line,black,nan
OAH_02-22.2,line,blue,nan
OAH_02-23,line,blue,nan
OAH_02-24,line,green,nan
OAH_02-25.2,hard plastic,yellow,nan
OAH_02-25.3,line,white,nan
OAH_02-25.4,line,white,nan
OAH_02-28,line,blue,nan
OAH_02-30.3,line,grey,nan
OAH_02-31,line,black,nan
OAH_02-32.1,line,black,nan
OAH_02-32.2,line,green,nan
OAH_02-33.1,line,blue,nan
OAH_02-33.2,line,red,nan
OAH_02-33.3,line,yellow,nan
OAH_02-33.4,line,blue,nan
OAH_02-34.1,line,grey,nan
OAH_02-34.2,line,white,nan
OAH_02-35,line,green,nan
OAH_02-36,line,blue,nan
OAH_02-39.1,line,blue,nan
OAH_02-39.2,line,black,nan
OAH_02-39.3,line,white,nan
OAH_02-39.4,line,black,nan
OAH_02-39.5,line,yellow,nan
OAH_02-40,line,grey,nan
OAH_02-43.1,hard plastic,black,nan
OAH_02-44,line,yellow,nan
OAH_02-48,hard plastic,black,nan
OAH_02-25.1,float,yellow,nan
OAH_03-002,line,multi,nan
OAH_03-4,line,white,nan
OAH_03-8.1,line,blue,nan
OAH_03-8.2,line,grey,nan
OAH_03-8.3,line,green,nan
OAH_03-9.4,line,green,nan
OAH_03-10.1,line,orange,nan
OAH_03-10.2,line,orange,nan
OAH_03-11,line,blue,nan
OAH_03-13.3,line,green,nan
OAH_03-15.1,line,green,nan
OAH_03-16.1,line,blue,nan
OAH_03-17,line,black,nan
OAH_03-22,line,blue,nan
OAH_03-23,line,green,nan
OAH_03-24.3,line,black,nan
OAH_03-25.2,line,black,nan
OAH_03-26.1,line,green,nan
OAH_03-26.2,line,orange,nan
OAH_03-26.3,line,white,nan
OAH_03-26.4,line,red,nan
OAH_03-29.1,line,black,nan
OAH_03-29.2,line,green,nan
OAH_03-29.3,line,blue,nan
OAH_03-32.1,line,black,nan
OAH_03-32.2,line,green,nan
OAH_03-32.3,line,green,nan
OAH_03-32.4,line,yellow,nan
OAH_03-33,line,orange,nan
OAH_03-34.1,line,red,nan
OAH_03-34.2,line,green,nan
OAH_03-34.3,line,blue,nan
OAH_03-34.7,line,white,nan
OAH_03-36,hard plastic,blue,nan
OAH_03-38,line,orange,nan
OAH_03-43,hard plastic,black,nan
OAH_03-44,hard plastic,green,nan
OAH_03-45.1,line,black,nan
OAH_03-45.2,line,blue,nan
OAH_03-46,metal,silver,nan
OAH_03-48,hard plastic,black,nan
OAH_03-42,float,yellow,nan
OAH_04-021,hard plastic,black,*notreadableinphotos
OAH_04-001,float,multi,nan
OAH_04-005,line,black,nan
OAH_04-006,line,white,nan
OAH_04-007,line,white,nan
OAH_04-008,line,white,nan
OAH_04-009,line,white,nan
OAH_04-010,line,black,nan
OAH_04-011,line,grey,nan
OAH_04-012,line,grey,nan
OAH_04-015,line,black,nan
OAH_04-017,line,white,nan
OAH_04-018,line,white,nan
OAH_04-019,line,blue,nan
OAH_04-020,line,black,nan
OAH_04-022,line,black,nan
OAH_04-023,line,green,nan
OAH_04-024,line,green,nan
OAH_04-025,line,grey,nan
OAH_04-026,line,black,nan
OAH_04-029,line,blue,nan
OAH_04-030,hard plastic,white,nan
OAH_04-031,hard plastic,green,nan
OAH_04-032,hard plastic,black,nan
OAH_04-034,line,black,nan
OAH_04-035,hard plastic,black,nan
OAH_04-037,line,blue,nan
OAH_04-038,line,blue,nan
OAH_04-039,line,blue,nan
OAH_04-040,line,orange,nan
OAH_04-041,line,orange,nan
OAH_04-042,line,white,nan
OAH_04-043,line,white,nan
OAH_04-044,line,grey,nan
OAH_04-045,line,blue,nan
OAH_04-046,line,green,nan
OAH_04-047,line,blue,nan
OAH_04-048,line,blue,nan
OAH_04-049,line,clear,nan
OAH_04-050,line,black,nan
OAH_04-051,hard plastic,black,nan
OAH_04-052,line,white,nan
OAH_04-053,line,green,nan
OAH_04-054,line,green,nan
OAH_04-055,line,green,nan
OAH_04-056,line,white,nan
OAH_04-058,line,green,nan
OAH_04-059,line,blue,nan
OAH_04-060,line,black,nan
OAH_04-061,line,black,nan
OAH_04-064,line,green,nan
OAH_04-003,float,yellow,
OAH_04-002,float,blue,
OAH_05-003,line,green,nan
OAH_05-004,line,green,nan
OAH_05-005,line,green,nan
OAH_05-006,line,yellow,nan
OAH_05-007,line,blue,nan
OAH_05-008,line,grey,nan
OAH_05-009,line,black,nan
OAH_05-011,line,white,nan
OAH_05-012,line,white,nan
OAH_05-013,line,white,nan
OAH_05-014,line,green,nan
OAH_05-015,line,grey,nan
OAH_05-016,line,white,nan
OAH_05-018,line,black,nan
OAH_05-019,line,white,nan
OAH_05-021,hard plastic,black,nan
OAH_05-022,line,black,nan
OAH_05-023,line,green,nan
OAH_05-024,line,blue,nan
OAH_05-025,line,white,nan
OAH_05-026,line,pink,nan
OAH_05-027,line,black,nan
OAH_05-028,line,orange,nan
OAH_05-029,line,blue,nan
OAH_05-030,line,orange,nan
OAH_05-031,line,blue,nan
OAH_05-035,hard plastic,black,nan
OAH_05-037,line,blue,nan
OAH_05-038,hard plastic,black,nan
OAH_05-039,line,white,nan
OAH_05-040,line,black,nan
OAH_05-041,line,yellow,nan
OAH_05-042,line,white,nan
OAH_05-043,line,green,nan
OAH_05-044,hard plastic,black,nan
OAH_05-045,line,blue,nan
OAH_05-046,line,green,nan
OAH_05-052,line,yellow,nan
OAH_05-053,line,green,nan
OAH_05-054,line,blue,nan
OAH_05-055,line,blue,nan
OAH_05-056,line,black,nan
OAH_05-057,hard plastic,black,nan
OAH_05-058,line,green,nan
OAH_05-059,line,blue,nan
OAH_05-060,line,green,nan
OAH_05-062,line,orange,nan
OAH_05-063,line,yellow,nan
OAH_05-065,line,white,nan
OAH_05-067,hard plastic,black,nan
OAH_05-070,line,white,nan
OAH_05-071,line,green,nan
OAH_05-072,line,black,nan
OAH_05-073,line,yellow,nan
OAH_05-074,line,white,nan
OAH_05-075,line,green,nan
OAH_05-076,line,white,nan
OAH_05-078,line,pink,nan
OAH_05-079,line,blue,nan
OAH_05-080,line,grey,nan
OAH_05-081,line,green,nan
OAH_05-082,line,blue,nan
OAH_05-083,line,orange,nan
OAH_06-005,line,orange,nan
OAH_06-007,line,orange,nan
OAH_06-008,line,yellow,nan
OAH_06-009,line,yellow,nan
OAH_06-010,line,yellow,nan
OAH_06-013,line,green,nan
OAH_06-014,line,blue,nan
OAH_06-015,line,green,nan
OAH_06-016,line,green,nan
OAH_06-018,line,white,nan
OAH_06-021,line,blue,nan
OAH_06-023,line,grey,nan
OAH_06-025,line,black,nan
OAH_06-028,line,black,nan
OAH_06-030,line,white,nan
OAH_06-035,line,grey,nan
OAH_06-042,hard plastic,black,nan
OAH_06-048,line,grey,nan
OAH_06-057,line,black,nan
OAH_06-071,line,green,nan
OAH_06-072,line,yellow,nan
OAH_06-079,line,black,nan
OAH_06-081,line,blue,nan
OAH_06-082,line,green,nan
OAH_06-085,line,yellow,nan
OAH_06-086,line,green,nan
OAH_06-093,line,yellow,nan
OAH_06-104,line,white,nan
OAH_06-108,line,black,nan
OAH_06-113,line,orange,nan
OAH_06-114,line,grey,nan
OAH_06-115,line,yellow,nan
OAH_06-118,line,yellow,nan
OAH_06-120,line,green,nan
OAH_06-123,hard plastic,blue,nan
OAH_06-124,line,blue,nan
OAH_06-126,line,green,nan
OAH_06-129,line,yellow,nan
OAH_07-1.3,metal,grey,nan
OAH_07-2.1,line,green,nan
OAH_07-2.2,line,red,nan
OAH_07-003,float,multi,nan
OAH_07-4.1,line,blue,nan
OAH_07-6,line,white,nan
OAH_07-8.2,metal,grey,nan
OAH_07-8.3,metal,grey,nan
OAH_07-10,line,green,nan
OAH_07-12,hard plastic,green,nan
OAH_07-17,line,green,nan
OAH_07-18,hard plastic,white,nan
OAH_07-19,hard plastic,black,nan
OAH_07-5.1,float,yellow,english
OAH_07-1.1,float,yellow,nan
OAH_07-5.2,float,red,nan
OAH_08-001,line,blue,nan
OAH_08-003,line,multi,nan
OAH_08-004,line,multi,nan
OAH_08-005,line,green,nan
OAH_08-007,line,multi,nan
OAH_08-008,line,blue,nan
OAH_08-010,line,multi,nan
OAH_08-012,line,green,nan
OAH_08-014,line,green,nan
OAH_08-017,line,black,nan
OAH_08-019,line,multi,nan
OAH_08-025,line,yellow,nan
OAH_08-032,line,orange,nan
OAH_08-036,line,multi,nan
OAH_08-037,line,multi,nan
OAH_08-038,line,multi,nan
OAH_08-039,line,green,nan
OAH_08-040,line,multi,nan
OAH_08-041,line,yellow,nan
OAH_08-042,line,multi,nan
OAH_08-044,line,multi,nan
OAH_08-045,line,multi,nan
OAH_08-049,line,white,nan
OAH_08-050,line,yellow,nan
OAH_08-051,line,white,nan
OAH_08-052,line,grey,nan
OAH_08-053,line,multi,nan
OAH_08-054,line,orange,nan
OAH_08-058,line,green,nan
OAH_08-059,line,multi,nan
OAH_08-061,line,multi,nan
OAH_08-062,line,black,nan
OAH_08-064,hard plastic,black,nan
OAH_08-069,hard plastic,black,nan
OAH_08-070,hard plastic,black,nan
OAH_08-073,line,black,nan
OAH_09-007,line,black,nan
OAH_09-008,line,black,nan
OAH_09-009,line,grey,nan
OAH_09-010,line,green,nan
OAH_09-011,line,yellow,nan
OAH_09-016,line,white,nan
OAH_09-017,hard plastic,white,nan
OAH_09-024,line,green,nan
OAH_09-031,line,black,nan
OAH_09-033,line,green,nan
OAH_09-034,line,black,nan
OAH_09-035,line,yellow,nan
OAH_09-036,line,white,nan
OAH_09-037,line,yellow,nan
OAH_09-038,line,grey,nan
OAH_09-039,line,black,nan
OAH_09-040,line,yellow,nan
OAH_09-041,line,black,nan
OAH_09-042,line,black,nan
OAH_09-043,line,blue,nan
OAH_09-044,line,blue,nan
OAH_09-045,line,green,nan
OAH_09-046,line,blue,nan
OAH_09-047,line,green,nan
OAH_09-048,line,grey,nan
OAH_09-049,line,orange,nan
OAH_10-002,line,multi,nan
OAH_10-004,line,white,nan
OAH_10-007,line,orange,nan
OAH_10-010,line,orange,nan
OAH_10-011,line,black,nan
OAH_10-012,line,blue,nan
OAH_10-013,line,multi,nan
OAH_10-014,line,multi,nan
OAH_10-015,line,yellow,nan
OAH_10-016,line,black,nan
OAH_10-018,line,black,nan
OAH_10-019,line,black,nan
OAH_10-021,line,multi,nan
OAH_10-023,line,green,nan
OAH_10-024,line,multi,nan
OAH_10-025,line,grey,nan
OAH_10-026,line,multi,nan
OAH_10-027,line,black,nan
OAH_10-028,line,multi,nan
OAH_11-001,float,black,english
OAH_12-095,hard plastic,black,japanese
OAH_12-002,line,black,nan
OAH_12-003,line,black,nan
OAH_12-004,line,black,japanese
OAH_12-005,line,black,nan
OAH_12-006,line,black,nan
OAH_12-011,line,white,nan
OAH_12-015,line,white,nan
OAH_12-024,line,yellow,nan
OAH_12-036,line,green,nan
OAH_12-037,line,yellow,nan
OAH_12-039,line,orange,nan
OAH_12-040,line,black,nan
OAH_12-041,line,grey,nan
OAH_12-042,line,green,nan
OAH_12-043,line,white,nan
OAH_12-044,line,white,nan
OAH_12-045,line,green,nan
OAH_12-046,line,grey,nan
OAH_12-047,line,black,nan
OAH_12-048,line,yellow,nan
OAH_12-049,line,red,nan
OAH_12-053,line,orange,nan
OAH_12-054,line,orange,nan
OAH_12-055,line,blue,nan
OAH_12-056,line,green,nan
OAH_12-059,line,black,nan
OAH_12-060,line,orange,nan
OAH_12-063,line,white,nan
OAH_12-064,line,blue,nan
OAH_12-066,line,blue,nan
OAH_12-068,line,green,nan
OAH_12-070,line,black,nan
OAH_12-071,line,white,nan
OAH_12-072,line,white,nan
OAH_12-074,line,red,nan
OAH_12-075,line,black,nan
OAH_12-076,line,black,nan
OAH_12-079,line,multi,nan
OAH_12-081,line,multi,nan
OAH_12-082,line,black,nan
OAH_12-083,line,grey,nan
OAH_12-084,line,green,nan
OAH_12-085,line,black,nan
OAH_12-086,line,black,nan
OAH_12-087,line,black,nan
OAH_12-088,line,green,nan
OAH_12-089,line,multi,nan
OAH_12-090,line,grey,nan
OAH_12-091,line,white,nan
OAH_12-092,line,green,nan
OAH_12-096,line,green,nan
OAH_12-097,line,orange,nan
OAH_12-098,line,grey,nan
OAH_12-100,line,green,nan
OAH_12-101,line,green,nan
OAH_12-102,line,green,nan
OAH_12-103,line,orange,nan
OAH_12-104,line,black,nan
OAH_12-105,line,green,nan
OAH_12-106,line,blue,nan
OAH_12-107,line,multi,nan
OAH_12-108,line,yellow,nan
OAH_13-002,float,multi,english
OAH_13-088,line,multi,nan
OAH_13-096,line,multi,nan
OAH_13-106,line,multi,nan
OAH_13-107,line,multi,nan
OAH_13-108,line,multi,nan
OAH_13-109,line,multi,nan
OAH_13-110,line,multi,nan
OAH_13-111,line,multi,nan
OAH_13-112,line,multi,nan
OAH_13-113,line,multi,nan
OAH_13-114,line,multi,nan
OAH_13-115,line,multi,nan
OAH_14-001,buoy,multi,english
OAH_17_Hardplastics-107,hard plastic,silver,japanese
OAH_17_Hardplastics-135,float,white,nan
OAH_17_Hardplastics-136,float,orange,nan
OAH_17_Hardplastics-139,float,black,nan
OAH_17_Hardplastics-140,float,orange,nan
OAH_17_Hardplastics-141,float,white,nan
OAH_17_Hardplastics-001,hard plastic,grey,nan
OAH_17_Hardplastics-002,hard plastic,green,nan
OAH_17_Hardplastics-003,hard plastic,black,korean
OAH_17_Hardplastics-004,hard plastic,black,*nophotosofthewriting
OAH_17_Hardplastics-005,hard plastic,black,korean
OAH_17_Hardplastics-006,hard plastic,black,korean
OAH_17_Hardplastics-007,hard plastic,black,nan
OAH_17_Hardplastics-008,hard plastic,black,nan
OAH_17_Hardplastics-009,hard plastic,black,nan
OAH_17_Hardplastics-010,hard plastic,black,nan
OAH_17_Hardplastics-011,hard plastic,black,nan
OAH_17_Hardplastics-012,hard plastic,black,nan
OAH_17_Hardplastics-013,hard plastic,black,nan
OAH_17_Hardplastics-014,hard plastic,black,nan
OAH_17_Hardplastics-015,hard plastic,black,nan
OAH_17_Hardplastics-016,hard plastic,black,nan
OAH_17_Hardplastics-017,hard plastic,black,nan
OAH_17_Hardplastics-018,hard plastic,black,nan
OAH_17_Hardplastics-019,hard plastic,black,nan
OAH_17_Hardplastics-020,hard plastic,black,nan
OAH_17_Hardplastics-021,hard plastic,black,nan
OAH_17_Hardplastics-022,hard plastic,black,nan
OAH_17_Hardplastics-023,hard plastic,black,nan
OAH_17_Hardplastics-024,hard plastic,black,nan
OAH_17_Hardplastics-025,hard plastic,black,nan
OAH_17_Hardplastics-026,hard plastic,black,nan
OAH_17_Hardplastics-027,hard plastic,black,nan
OAH_17_Hardplastics-028,hard plastic,black,nan
OAH_17_Hardplastics-029,hard plastic,black,nan
OAH_17_Hardplastics-030,hard plastic,black,nan
OAH_17_Hardplastics-031,hard plastic,black,nan
OAH_17_Hardplastics-032,hard plastic,black,nan
OAH_17_Hardplastics-033,hard plastic,black,nan
OAH_17_Hardplastics-034,hard plastic,green,nan
OAH_17_Hardplastics-036,hard plastic,black,english
OAH_17_Hardplastics-037,hard plastic,black,nan
OAH_17_Hardplastics-038,hard plastic,yellow,nan
OAH_17_Hardplastics-039,hard plastic,red,nan
OAH_17_Hardplastics-040,hard plastic,black,english
OAH_17_Hardplastics-041,hard plastic,black,nan
OAH_17_Hardplastics-044,hard plastic,black,nan
OAH_17_Hardplastics-045,hard plastic,grey,english
OAH_17_Hardplastics-057,hard plastic,multi,english
OAH_17_Hardplastics-058,hard plastic,green,nan
OAH_17_Hardplastics-059,hard plastic,blue,nan
OAH_17_Hardplastics-060,hard plastic,white,nan
OAH_17_Hardplastics-061,hard plastic,blue,nan
OAH_17_Hardplastics-062,hard plastic,blue,nan
OAH_17_Hardplastics-063,hard plastic,blue,nan
OAH_17_Hardplastics-064,hard plastic,blue,nan
OAH_17_Hardplastics-065,hard plastic,yellow,nan
OAH_17_Hardplastics-066,hard plastic,yellow,nan
OAH_17_Hardplastics-067,hard plastic,orange,nan
OAH_17_Hardplastics-068,hard plastic,multi,nan
OAH_17_Hardplastics-070,hard plastic,blue,nan
OAH_17_Hardplastics-072,hard plastic,white,nan
OAH_17_Hardplastics-074,hard plastic,blue,
OAH_17_Hardplastics-076,hard plastic,white,nan
OAH_17_Hardplastics-077,hard plastic,green,nan
OAH_17_Hardplastics-078,hard plastic,blue,nan
OAH_17_Hardplastics-080,hard plastic,grey,nan
OAH_17_Hardplastics-081,hard plastic,black,nan
OAH_17_Hardplastics-082,hard plastic,black,nan
OAH_17_Hardplastics-083,hard plastic,black,nan
OAH_17_Hardplastics-084,hard plastic,black,nan
OAH_17_Hardplastics-085,hard plastic,black,nan
OAH_17_Hardplastics-086,hard plastic,black,nan
OAH_17_Hardplastics-088,hard plastic,black,nan
OAH_17_Hardplastics-089,hard plastic,black,nan
OAH_17_Hardplastics-090,hard plastic,black,nan
OAH_17_Hardplastics-091,hard plastic,black,nan
OAH_17_Hardplastics-092,hard plastic,black,nan
OAH_17_Hardplastics-093,hard plastic,black,nan
OAH_17_Hardplastics-094,hard plastic,black,englishjapanese
OAH_17_Hardplastics-095,hard plastic,black,englishjapanese
OAH_17_Hardplastics-096,hard plastic,black,nan
OAH_17_Hardplastics-097,hard plastic,black,nan
OAH_17_Hardplastics-098,hard plastic,black,japanese
OAH_17_Hardplastics-099,hard plastic,black,nan
OAH_17_Hardplastics-100,hard plastic,black,nan
OAH_17_Hardplastics-101,hard plastic,blue,english
OAH_17_Hardplastics-102,hard plastic,blue,english
OAH_17_Hardplastics-103,hard plastic,green,english
OAH_17_Hardplastics-104,hard plastic,clear,nan
OAH_17_Hardplastics-105,hard plastic,blue,nan
OAH_17_Hardplastics-106,hard plastic,green,nan
OAH_17_Hardplastics-108,hard plastic,white,nan
OAH_17_Hardplastics-109,hard plastic,white,english
OAH_17_Hardplastics-110,hard plastic,clear,nan
OAH_17_Hardplastics-111,hard plastic,white,nan
OAH_17_Hardplastics-113,hard plastic,black,english
OAH_17_Hardplastics-114,hard plastic,black,nan
OAH_17_Hardplastics-115,hard plastic,blue,chinese
OAH_17_Hardplastics-116,hard plastic,yellow,nan
OAH_17_Hardplastics-117,hard plastic,orange,nan
OAH_17_Hardplastics-118,hard plastic,black,nan
OAH_17_Hardplastics-119,hard plastic,black,nan
OAH_17_Hardplastics-120,hard plastic,black,chinese
OAH_17_Hardplastics-121,hard plastic,black,nan
OAH_17_Hardplastics-122,hard plastic,black,
OAH_17_Hardplastics-123,hard plastic,black,nan
OAH_17_Hardplastics-124,hard plastic,black,nan
OAH_17_Hardplastics-125,hard plastic,black,nan
OAH_17_Hardplastics-126,hard plastic,black,*drawing
OAH_17_Hardplastics-127,hard plastic,black,nan
OAH_17_Hardplastics-128,hard plastic,black,nan
OAH_17_Hardplastics-129,hard plastic,black,nan
OAH_17_Hardplastics-130,hard plastic,black,nan
OAH_17_Hardplastics-131,hard plastic,black,nan
OAH_17_Hardplastics-132,hard plastic,black,nan
OAH_17_Hardplastics-133,hard plastic,black,
OAH_17_Hardplastics-134,hard plastic,black,nan
OAH_17_Hardplastics-138,float,black,english
OAH_17_Hardplastics-142,hard plastic,green,nan
OAH_17_Hardplastics-143,hard plastic,white,nan
OAH_17_Hardplastics-144,hard plastic,multi,nan
OAH_17_Hardplastics-145,hard plastic,white,nan
OAH_17_Hardplastics-146,hard plastic,multi,nan
OAH_17_Hardplastics-147,hard plastic,multi,english
OAH_17_Hardplastics-148,hard plastic,multi,nan
OAH_17_Hardplastics-149,hard plastic,multi,nan
OAH_17_Hardplastics-150,hard plastic,multi,nan
OAH_17_Hardplastics-151,hard plastic,green,nan
OAH_17_Hardplastics-152,hard plastic,white,nan
OAH_17_Hardplastics-153,hard plastic,multi,nan
OAH_17_Hardplastics-154,hard plastic,multi,english
OAH_17_Hardplastics-155,hard plastic,white,nan
OAH_17_Hardplastics-156,hard plastic,multi,nan
OAH_17_Hardplastics-157,hard plastic,black,nan
OAH_17_Hardplastics-158,hard plastic,multi,nan
OAH_17_Hardplastics-159,hard plastic,white,nan
OAH_17_Hardplastics-160,hard plastic,white,nan
OAH_17_Hardplastics-161,hard plastic,black,nan
OAH_17_Hardplastics-162,hard plastic,black,nan
OAH_17_Hardplastics-164,hard plastic,black,nan
OAH_17_Hardplastics-165,hard plastic,black,nan
OAH_17_Hardplastics-166,hard plastic,black,nan
OAH_17_Hardplastics-167,hard plastic,black,nan
OAH_17_Hardplastics-168,hard plastic,white,nan
OAH_17_Hardplastics-169,hard plastic,white,nan
OAH_17_Hardplastics-170,hard plastic,multi,nan
OAH_17_Hardplastics-171,hard plastic,blue,nan
OAH_17_Hardplastics-172,hard plastic,blue,nan
OAH_17_Hardplastics-173,hard plastic,yellow,nan
OAH_17_Hardplastics-174,hard plastic,yellow,nan
OAH_17_Hardplastics-175,hard plastic,orange,nan
OAH_17_Hardplastics-176,hard plastic,black,nan
OAH_17_Hardplastics-177,hard plastic,black,nan
OAH_17_Hardplastics-178,hard plastic,black,english
OAH_17_Hardplastics-179,hard plastic,black,nan
OAH_17_Hardplastics-180,hard plastic,black,nan
OAH_17_Hardplastics-181,hard plastic,black,nan
OAH_17_Hardplastics-182,hard plastic,orange,nan
OAH_17_Hardplastics-183,hard plastic,white,nan
OAH_17_Hardplastics-184,hard plastic,yellow,nan
OAH_17_Hardplastics-185,hard plastic,black,nan
OAH_17_Hardplastics-186,hard plastic,grey,nan
OAH_17_Hardplastics-187,hard plastic,black,nan
OAH_17_Hardplastics-188,hard plastic,black,nan
OAH_17_HPmesh-048,hard plastic,white,english
OAH_17_HPmesh-101,hard plastic,black,nan
OAH_17_HPmesh-102,hard plastic,black,nan
OAH_17_HPmesh-103,hard plastic,black,
OAH_17_HPmesh-104,hard plastic,white,nan
OAH_17_Jennpile-008,hard plastic,white,latinstyleletters
OAH_17_Jennpile-001,line,blue,nan
OAH_17_Jennpile-009,metal,silver,nan
OAH_17_Jennpile-010,hard plastic,multi,nan
OAH_17_Jennpile-011,line,multi,nan
OAH_17_Lines-004,float,red,nan
OAH_17_Lines-056,float,orange,nan
OAH_17_Lines-67,float,white,nan
OAH_17_Lines-069,float,blue,nan
OAH_17_Lines-001,line,multi,nan
OAH_17_Lines-7,line,multi,nan
OAH_17_Lines-8,line,multi,nan
OAH_17_Lines-9,line,grey,nan
OAH_17_Lines-13,line,white,nan
OAH_17_Lines-15,line,white,nan
OAH_17_Lines-16,line,multi,nan
OAH_17_Lines-017,line,white,nan
OAH_17_Lines-18,line,multi,nan
OAH_17_Lines-19,line,white,nan
OAH_17_Lines-20,line,multi,nan
OAH_17_Lines-21,line,white,nan
OAH_17_Lines-22,line,multi,nan
OAH_17_Lines-23,line,multi,nan
OAH_17_Lines-24,line,multi,nan
OAH_17_Lines-024,line,black,nan
OAH_17_Lines-25,line,grey,nan
OAH_17_Lines-26,line,multi,nan
OAH_17_Lines-29,line,multi,nan
OAH_17_Lines-30,line,blue,nan
OAH_17_Lines-32,line,multi,nan
OAH_17_Lines-33,line,green,nan
OAH_17_Lines-34,line,orange,nan
OAH_17_Lines-35,line,black,nan
OAH_17_Lines-36,line,blue,nan
OAH_17_Lines-37,line,multi,nan
OAH_17_Lines-38,line,green,nan
OAH_17_Lines-39,line,multi,nan
OAH_17_Lines-40,line,multi,nan
OAH_17_Lines-41,line,multi,nan
OAH_17_Lines-42,line,multi,nan
OAH_17_Lines-43,line,multi,nan
OAH_17_Lines-44,line,multi,nan
OAH_17_Lines-45,line,multi,nan
OAH_17_Lines-46,line,multi,nan
OAH_17_Lines-47,line,green,nan
OAH_17_Lines-48,line,white,nan
OAH_17_Lines-49,line,multi,nan
OAH_17_Lines-50,line,multi,nan
OAH_17_Lines-51,line,green,nan
OAH_17_Lines-54,line,multi,nan
OAH_17_Lines-55,line,multi,nan
OAH_17_Lines-57,line,multi,nan
OAH_17_Lines-60,line,multi,nan
OAH_17_Lines-61,line,multi,nan
OAH_17_Lines-66,line,grey,nan
OAH_17_Lines-68,line,multi,nan
OAH_17_Lines-73,line,multi,nan
OAH_17_Lines-74,line,multi,nan
OAH_17_Lines-076,line,blue,nan
OAH_17_Lines-77,line,multi,nan
OAH_17_Lines-78,line,blue,nan
OAH_17_Lines-79,line,multi,nan
OAH_17_Lines-80,line,multi,nan
OAH_17_Lines-81,line,multi,nan
OAH_17_Lines-82,line,multi,nan
OAH_17_Lines-83,line,grey,nan
OAH_17_Lines-84,line,green,nan
OAH_17_Lines-85,line,blue,nan
OAH_17_Lines-87,line,multi,nan
OAH_17_Lines-89,line,multi,nan
OAH_17_Lines-90,line,black,nan
OAH_17_Lines-91,line,green,nan
OAH_17_Lines-92,line,multi,nan
OAH_17_Lines-93,line,multi,nan
OAH_17_Lines-094,line,multi,nan
OAH_17_Lines-95,line,green,nan
OAH_17_Lines-96,line,multi,nan
OAH_17_Lines-97,line,black,nan
OAH_17_Lines-98,line,green,nan
OAH_17_Lines-100,line,green,nan
OAH_17_LLpile-011,metal,silver,nan
OAH_17_LLpile-014,line,green,nan
OAH_17_LLpile-021,hard plastic,black,nan
OAH_17_LLpile-022,hard plastic,black,nan
OAH_17_LLpile-023,line,black,nan
OAH_17_tarp_sheet-017,hard plastic,white,english
OAH_17_tarp_sheet-018,hard plastic,grey,nan
OAH_17_tarp_sheet-019,hard plastic,black,nan
OAH_17_tarp_sheet-020,hard plastic,black,nan
OAH_17_tarp_sheet-021,hard plastic,black,nan
OAH_17_tarp_sheet-022,hard plastic,black,nan
OAH_17_unique-002,metal,silver,nan
OAH_17_unique-003,metal,silver,nan
OAH_17_unique-004,metal,multi,nan
OAH_17_yellownets-006,line,yellow,nan
OAH_18-001,line,white,nan
OAH_18-002,line,white,nan
OAH_18-003,line,white,nan
OAH_18-004,line,white,nan
OAH_19-001,float,black,japanese
OAH_19-002,float,black,japanese
OAH_19-003,float,black,english
OAH_19-004,float,black,english
OAH_19-006,float,orange,english
OAH_19-007,float,blue,nan
OAH_19-008,float,yellow,nan
OAH_20-005,float,multi,latinstyleletters
OAH_20-004,float,multi,nan
OAH_20-006,float,white,nan
OAH_21-003,line,yellow,nan
OAH_21-004,line,multi,nan
OAH_21-005,line,white,nan
OAH_21-006,line,green,nan
OAH_21-008,line,grey,nan
OAH_21-009,line,black,nan
OAH_21-011,line,blue,nan
OAH_21-012,line,multi,nan
OAH_21-014,line,multi,nan
OAH_21-015,line,multi,nan
OAH_21-019,line,orange,nan
OAH_21-020,line,yellow,nan
OAH_21-023,line,grey,nan
OAH_21-028,line,multi,nan
OAH_21-029,line,multi,nan
OAH_21-036,line,orange,nan
OAH_21-037,line,multi,nan
OAH_21-038,line,multi,nan
OAH_21-048,line,black,nan
OAH_21-049,line,grey,nan
OAH_21-050,line,black,nan
OAH_21-054,line,grey,nan
OAH_21-055,line,yellow,nan
OAH_21-056,line,multi,nan
OAH_21-058,line,green,nan
OAH_21-059,line,green,nan
OAH_21-060,line,orange,nan
OAH_21-061,line,yellow,nan
OAH_21-063,line,white,nan
OAH_21-065,line,multi,nan
OAH_21-067,line,yellow,nan
OAH_21-068,line,multi,nan
OAH_21-072,line,black,nan
OAH_21-073,line,multi,nan
OAH_21-074,line,multi,nan
OAH_21-076,line,multi,nan
OAH_22-003,line,black,nan
OAH_22-004,line,black,nan
OAH_22-005,line,multi,nan
OAH_22-006,line,orange,nan
OAH_22-007,line,green,nan
OAH_22-008,line,green,nan
OAH_22-011,line,clear,nan
OAH_22-012,line,multi,nan
OAH_22-013,line,grey,nan
OAH_22-014,line,multi,nan
OAH_22-015,line,white,nan
OAH_22-016,line,green,nan
OAH_22-018,line,yellow,nan
OAH_22-019,line,red,nan
OAH_22-020,line,black,nan
OAH_22-022,line,multi,nan
OAH_22-023,line,black,nan
OAH_22-024,line,grey,nan
OAH_22-025,line,grey,nan
OAH_22-026,line,multi,nan
OAH_22-027,line,white,nan
OAH_22-028,line,pink,nan
OAH_22-029,line,black,nan
OAH_22-030,line,grey,nan
OAH_22-031,line,orange,nan
OAH_22-032,line,white,nan
OAH_22-033,line,white,nan
OAH_22-034,line,white,nan
OAH_22-035,line,white,nan
OAH_22-036,line,yellow,nan
OAH_22-038,line,multi,nan
OAH_22-039,line,blue,nan
OAH_22-042,line,multi,nan
OAH_22-044,line,black,nan
OAH_22-045,line,black,nan
OAH_22-046,line,blue,nan
OAH_22-047,line,white,nan
OAH_22-048,line,multi,nan
OAH_22-052,line,blue,nan
OAH_22-053,line,grey,nan
OAH_22-054,line,white,nan
OAH_22-055,line,green,nan
OAH_22-057,line,white,nan
OAH_22-058,line,green,nan
OAH_22-059,line,yellow,nan
OAH_22-060,line,yellow,nan
OAH_22-063,hard plastic,blue,nan
OAH_22-064,line,multi,nan
OAH_22-065,line,multi,nan
OAH_22-066,line,white,nan
OAH_22-067,line,multi,nan
OAH_22-068,line,yellow,nan
OAH_22-069,line,orange,nan
OAH_22-070,line,multi,nan
OAH_22-071,line,white,nan
OAH_22-072,line,white,nan
OAH_22-073,line,green,nan
OAH_22-077,line,multi,nan
OAH_22-080,line,blue,nan
OAH_23-008,float,red,latinstyleletters
OAH_24-009,float,white,chinese
OAH_24-001,line,multi,nan
OAH_24-007,line,multi,nan
OAH_24-008,line,multi,nan
OAH_24-010,line,multi,nan
OAH_24-011,line,multi,nan
OAH_24-012,line,yellow,nan
OAH_24-016,line,yellow,nan
OAH_24-017,line,multi,nan
OAH_24-018,line,multi,nan
OAH_24-025,line,multi,nan
OAH_24-026,line,grey,nan
OAH_24-027,line,green,nan
OAH_24-030,line,yellow,nan
OAH_24-032,line,multi,nan
OAH_24-033,line,orange,nan
OAH_24-034,line,multi,nan
OAH_24-036,line,multi,nan
OAH_24-037,line,multi,nan
OAH_24-038,line,multi,nan
OAH_24-043,line,orange,nan
OAH_24-048,line,multi,nan
OAH_24-049,line,grey,nan
OAH_24-051,line,green,nan
OAH_24-053,line,multi,nan
OAH_24-055,line,black,nan
OAH_24-056,line,grey,nan
OAH_24-059,hard plastic,black,nan
OAH_24-065,line,green,nan
OAH_24-066,line,blue,nan
OAH_24-067,line,multi,nan
OAH_24-068,line,grey,nan
OAH_24-069,line,orange,nan
OAH_24-071,line,multi,nan
OAH_24-072,line,multi,nan
OAH_24-073,line,green,nan
OAH_24-074,line,green,nan
OAH_24-075,line,green,nan
OAH_24-076,line,multi,nan
OAH_24-077,line,white,nan
OAH_24-078,line,multi,nan
OAH_24-079,line,blue,nan
OAH_25-003,line,multi,nan
OAH_25-004,line,white,nan
OAH_25-006,line,multi,nan
OAH_25-007,line,multi,nan
OAH_27-005,line,black,nan
OAH_27-011,line,white,nan
OAH_27-014,line,grey,nan
OAH_27-015,line,multi,nan
OAH_27-016,line,orange,nan
OAH_27-017,line,black,nan
OAH_27-020,metal,multi,nan
OAH_27-021,line,green,nan
OAH_27-022,line,white,nan
OAH_27-026,line,grey,nan
OAH_27-030,line,multi,nan
OAH_27-038,line,grey,nan
OAH_27-039,line,blue,nan
OAH_27-040,line,grey,nan
OAH_27-041,hard plastic,black,nan
OAH_27-044,line,yellow,nan
OAH_27-051,line,multi,nan
OAH_27-052,line,multi,nan
OAH_27-055,line,black,nan
OAH_27-056,line,multi,nan
OAH_27-061,line,white,nan
OAH_27-073,line,orange,nan
OAH_27-074,line,blue,nan
OAH_27-076,line,multi,nan
OAH_28-011,line,pink,nan
OAH_28-012,line,black,nan
OAH_28-013,line,black,nan
OAH_28-014,line,green,nan
OAH_28-015,line,multi,nan
OAH_28-017,line,multi,nan
OAH_28-019,hard plastic,black,nan
OAH_28-022,metal,multi,nan
OAH_28-023,line,multi,nan
OAH_28-024,line,multi,nan
OAH_28-025,line,multi,nan
OAH_31-001,float,multi,nan
OAH_31-002,line,black,nan
OAH_34-006,line,multi,nan
OAH_34-008,line,black,nan
OAH_34-009,line,white,nan
OAH_34-010,line,blue,nan
OAH_34-012,line,multi,nan
OAH_34-013,line,multi,nan
OAH_34-014,line,grey,nan
OAH_34-017,line,grey,nan
OAH_34-018,line,orange,nan
OAH_34-019,line,green,nan
OAH_34-020,line,green,nan
OAH_34-021,line,green,nan
OAH_35-1,buoy,multi,nan
OAH_36-002,line,white,nan
OAH_36-003,line,black,nan
OAH_36-004,line,multi,nan
OAH_36-010,line,white,nan
OAH_36-011,line,pink,nan
OAH_36-012,hard plastic,black,nan
OAH_36-016,line,white,nan
OAH_36-017,line,blue,nan
OAH_36-018,line,blue,nan
OAH_36-019,line,multi,nan
OAH_36-022,line,white,nan
OAH_36-023,line,yellow,nan
OAH_36-024,line,blue,nan
OAH_36-025,line,multi,nan
OAH_36-026,line,blue,nan
OAH_36-028,line,yellow,nan
OAH_36-030,line,grey,nan
OAH_36-031,line,black,nan
OAH_36-033,line,yellow,nan
OAH_36-034,line,multi,nan
OAH_36-035,line,blue,nan
OAH_36-038,line,grey,nan
OAH_36-040,line,green,nan
OAH_36-044,line,white,nan
OAH_36-045,line,multi,nan
OAH_36-046,line,black,nan
OAH_36-047,line,multi,nan
OAH_36-048,line,white,nan
OAH_36-049,line,black,nan
OAH_36-050,hard plastic,black,nan
OAH_36-051,line,green,nan
OAH_36-052,line,grey,nan
OAH_36-053,line,black,nan
OAH_36-055,line,red,nan
OAH_36-056,line,multi,nan
OAH_36-057,line,grey,nan
OAH_36-058,line,green,nan
OAH_36-059,hard plastic,black,nan
OAH_36-060,line,yellow,nan
OAH_36-062,line,multi,nan
OAH_36-063,line,green,nan
OAH_36-064,line,green,nan
OAH_36-065,line,pink,nan
OAH_36-069,line,white,nan
OAH_36-070,line,multi,nan
OAH_36-072,line,orange,nan
OAH_36-073,line,yellow,nan
OAH_36-075,line,multi,nan
OAH_36-076,line,blue,nan
OAH_36-077,line,black,nan
OAH_36-079,line,blue,nan
OAH_36-080,line,multi,nan
OAH_39-001,line,black,nan
OAH_39-004,hard plastic,white,nan
OAH_39-005,line,yellow,nan
OAH_39-007,line,black,nan
OAH_39-009,line,orange,nan
OAH_39-014,line,pink,nan
OAH_39-018,line,blue,nan
OAH_39-019,line,multi,nan
OAH_39-020,line,multi,nan
OAH_39-021,hard plastic,pink,nan
OAH_39-031,line,grey,nan
OAH_39-033,line,multi,nan
OAH_39-034,line,multi,nan
OAH_39-040,line,multi,nan
OAH_39-041,hard plastic,pink,nan
OAH_39-052,line,multi,nan
OAH_39-056,line,blue,nan
OAH_39-057,line,grey,nan
OAH_39-067,line,multi,nan
OAH_40-001,line,multi,japanese
OAH_40-003,line,yellow,nan
OAH_40-004,hard plastic,black,nan
OAH_43-003,metal,multi,nan
OAH_43-004,metal,multi,nan
OAH_43-005,metal,multi,nan
OAH_44-001,float,yellow,latinstyleletters
OAH_44-002,hard plastic,green,nan
OAH_45-001,hard plastic,white,arabicnumber
OAH_49-2,line,white,nan
OAH_50-001,hard plastic,white,nan
OAH_50-003,line,white,nan
OAH_50-004,line,multi,nan
OAH_50-006,line,green,nan
OAH_50-007,line,grey,nan
OAH_50-009,line,red,nan
OAH_50-010,line,green,nan
OAH_50-011,line,green,nan
OAH_50-012,line,multi,nan
OAH_50-013,line,grey,nan
OAH_50-014,line,black,nan
OAH_50-015,line,yellow,nan
OAH_50-016,line,multi,nan
OAH_50-017,hard plastic,grey,nan
OAH_50-018,line,yellow,nan
OAH_50-019,line,blue,nan
OAH_50-021,line,black,nan
OAH_50-022,line,white,nan
OAH_50-024,line,grey,nan
OAH_50-025,line,blue,nan
OAH_50-026,line,multi,nan
OAH_50-028,line,multi,nan
OAH_50-034,line,multi,nan
OAH_50-036,line,white,nan
OAH_50-037,line,green,nan
OAH_50-039,line,multi,nan
OAH_50-040,line,pink,nan
OAH_50-041,line,green,nan
OAH_50-042,line,multi,nan
OAH_50-043,line,pink,nan
OAH_50-044,line,multi,nan
OAH_50-045,line,grey,nan
OAH_50-046,float,pink,japanese
OAH_50-047,line,blue,nan
OAH_50-051,line,multi,nan
OAH_50-053,line,multi,nan
OAH_50-055,line,white,nan
OAH_50-056,line,white,nan
OAH_50-057,line,green,nan
OAH_50-059,line,yellow,nan
OAH_50-060,line,multi,nan
OAH_50-061,line,white,nan
OAH_50-062,line,multi,nan
OAH_50-063,line,multi,nan
OAH_50-064,line,yellow,nan
OAH_50-065,hard plastic,white,nan
OAH_50-066,line,white,nan
OAH_50-067,line,green,nan
OAH_50-068,line,yellow,nan
OAH_50-069,hard plastic,grey,nan
OAH_50-070,line,green,nan
OAH_50-071,line,black,nan
OAH_50-072,line,multi,nan
OAH_50-073,line,multi,nan
OAH_50-074,line,orange,nan
OAH_50-076,line,white,nan
OAH_50-079,line,green,nan
OAH_50-080,line,multi,nan
OAH_51-001,line,green,nan
OAH_51-002,line,multi,nan
OAH_51-003,line,multi,nan
OAH_51-004,line,multi,nan
OAH_51-005,line,multi,nan
OAH_52-003,hard plastic,black,nan
OAH_52-007,line,black,nan
OAH_52-008,line,black,nan
OAH_52-009,line,black,nan
OAH_52-011,hard plastic,black,nan
OAH_55-001,float,multi,nan
OAH_56-001,float,white,nan
OAH_57-001,float,white,nan
OAH_63-001,hard plastic,black,nan
OAH_63-003,line,black,nan
OAH_63-004,line,green,nan
OAH_63-006,line,multi,nan
OAH_63-008,line,multi,nan
OAH_63-009,line,multi,nan
OAH_63-010,float,multi,nan
OAH_63-012,line,multi,nan
OAH_63-015,line,green,nan
OAH_63-016,hard plastic,black,nan
OAH_63-017,line,red,nan
OAH_63-018,line,white,nan
OAH_63-019,line,white,nan
OAH_63-020,hard plastic,black,nan
OAH_63-022,hard plastic,black,nan
OAH_63-023,hard plastic,black,nan
OAH_63-024,line,green,nan
OAH_63-025,line,white,nan
OAH_63-027,line,green,nan
OAH_63-028,line,green,nan
OAH_63-032,line,white,nan
OAH_63-033,line,grey,nan
OAH_63-034,line,green,nan
OAH_63-035,line,multi,nan
OAH_63-036,line,green,nan
OAH_63-037,line,green,nan
OAH_63-038,line,green,nan
OAH_63-039,line,green,nan
OAH_63-040,line,green,nan
OAH_63-041,line,green,nan
OAH_63-042,line,green,nan
OAH_64-001,float,white,nan
OAH_65-018,hard plastic,white,english
OAH_65-002,float,blue,chinese
OAH_65-004,line,white,nan
OAH_65-011,line,black,nan
OAH_65-012,line,green,nan
OAH_65-014,line,orange,nan
OAH_65-020,line,green,nan
OAH_65-021,hard plastic,clear,nan
OAH_65-024,line,blue,nan
OAH_65-025,line,grey,nan
OAH_65-029,metal,silver,nan
OAH_65-031,line,yellow,nan
OAH_65-033,line,green,nan
OAH_65-035,line,multi,nan
OAH_65-036,line,yellow,nan
OAH_65-037,line,white,nan
OAH_65-038,line,white,nan
OAH_65-044,line,black,nan
OAH_65-045,line,blue,nan
OAH_65-048,line,multi,nan
OAH_65-049,line,white,nan
OAH_65-053,line,green,nan
OAH_65-054,line,grey,nan
OAH_65-055,line,yellow,nan
OAH_65-058,line,green,nan
OAH_65-060,line,white,nan
OAH_65-061,line,yellow,nan
OAH_65-065,line,yellow,nan
OAH_65-067,line,orange,nan
OAH_65-068,line,white,nan
OAH_65-069,line,multi,nan
OAH_65-071,line,multi,nan
OAH_65-073,line,grey,nan
OAH_65-074,line,green,nan
OAH_65-075,hard plastic,black,nan
OAH_65-077,line,black,nan
OAH_65-079,line,green,nan
OAH_71-001,line,multi,nan
"Originally named 64A1= thinner twine making up the net, sample so weathered that it is yellow on the outside but reminense of orange coloring in the middle. yellow large net with multiple mesh sizes.-060",line,orange,nan
PAL_02-5,line,grey,nan
PAL_02-6,line,blue,nan
PAL_02-7,float,yellow,nan
PAL_03-9,hard plastic,white,spanish
PAL_03-4,line,green,nan
PAL_03-5,line,grey,nan
PAL_03-6,line,black,nan
PAL_03-7,line,white,nan
PAL_03-8,line,white,nan
PAL_04-1,line,black,nan
PAL_04-2.1,line,yellow,nan
PAL_04-2.2,line,blue,nan
PAL_04-3.1,line,blue,nan
PAL_04-3.2,line,yellow,nan
PAL_05-010,buoy,multi,
PAL_05-009,hard plastic,white,spanish
PAL_05-003,line,blue,nan
PAL_05-005,line,green,nan
PAL_05-006,line,black,nan
PAL_05-008,line,grey,nan
PAL_06-2,line,green,nan
PAL_06-3,line,green,nan
PAL_06-4,line,blue,nan
PAL_07-6,line,black,nan
PAL_07-3,float,yellow,nan
PAL_08-2,line,blue,nan
PAL_08-6.3,line,black,nan
PAL_08-7.2,line,red,nan
PAL_08-7.4,metal,grey,nan
PAL_08-6.1,float,yellow,nan
PAL_12_Buoy-001,buoy,multi,nan
WAK_01-001,buoy,multi,*cannotfindphoto
